citation,artifact_link,license,claim_summary,technical_delta,design_around
"Palantir Foundry/Groundwork/Iris",,"Proprietary","Data integration from multiple sources, Graph-based entity relationship mapping, Intelligence analysis workflows","Focus on business intelligence vs. security intelligence; Proprietary vs. open technology stack; Limited AI/ML integration for multi-modal processing","Use open-source stack with enhanced AI/ML integration"
"IBM i2 Analyst's Notebook",,"Proprietary","Graph visualization for intelligence analysis, Entity-link analysis capabilities, Timeline and geospatial visualization","Traditional desktop application vs. modern web platform; Limited real-time collaboration features; Minimal AI/ML integration for automated extraction","Web-based platform with real-time collaboration and AI extraction"
"Microsoft Azure Cognitive Services + Cosmos DB",,"Commercial","Multi-modal AI processing (vision, speech, text), Graph database capabilities, Cloud-native architecture","General-purpose platform vs. intelligence-focused; Separate services requiring integration vs. unified platform; Limited specialized graph analytics for intelligence","Unified intelligence-focused platform with specialized graph analytics"
"GraphSQL Intelligence",,"Commercial","Intelligence-specific graph analytics, Multi-source data integration, Entity resolution capabilities","Traditional SQL vs. modern graph approach; Limited real-time collaboration; Less sophisticated AI/ML integration","Modern graph approach with real-time collaboration and advanced AI/ML"
"Luciad (now part of Hexagon)",,"Commercial","Geospatial intelligence analysis, Multi-intelligence (multi-INT) fusion, Collaborative analysis tools","Focus on geospatial vs. general intelligence; Traditional visualization vs. modern web interfaces; Limited cross-modal AI processing","General intelligence platform with modern interfaces and cross-modal AI"
"Haystax Analytics",,"Commercial","Threat assessment and risk analysis, Predictive analytics using AI/ML, Intelligence workflow automation","Risk-focused vs. general intelligence analysis; Proprietary vs. open technology stack; Limited graph-based visualization","General intelligence analysis with open technology stack and graph visualization"
"Oracle Graph Server & Client",,"Commercial","Graph database for complex relationship analysis, Pattern recognition and graph analytics, Integration with enterprise data","Enterprise business focus vs. intelligence analysis; Traditional database interface vs. modern UX; Limited AI/ML for automated extraction","Intelligence-focused with modern UX and automated AI extraction"
"AWS Neptune + SageMaker",,"Commercial","Graph database with machine learning integration, Cloud-native scalable architecture, Multi-model analytics capabilities","General-purpose vs. intelligence-specific; Separate services vs. integrated platform; Limited domain-specific UI/UX for analysts","Intelligence-specific integrated platform with domain-specific UI/UX"
"Neo4j with APOC and Graph Data Science",,"AGPL/GPL","Graph database for relationship analysis, Advanced graph algorithms and analytics, Cypher query language","Database only vs. complete analysis platform; Limited AI integration out-of-the-box; Generic interface vs. intelligence-focused UX","Complete analysis platform with integrated AI and intelligence-focused UX"
"Splunk Phantom (now Splunk SOAR)",,"Commercial","Security orchestration and automation, Data aggregation and correlation, Workflow automation capabilities","Security operations vs. intelligence analysis; Playbook automation vs. exploratory analysis; Limited graph visualization and analytics","Intelligence analysis with exploratory analysis and graph visualization"