path	status	commit_used	bytes
--docker-password=	OK	f513fae33222c0c94b8299d178964f1180aa1395^	0
--docker-server=ghcr.io	OK	f513fae33222c0c94b8299d178964f1180aa1395^	0
--docker-username=brianclong	OK	f513fae33222c0c94b8299d178964f1180aa1395^	0
.aider.chat.history.md.rehydrated	OK	b9ff8a94ddd34a82565e6c966ff22b5d7f2b6107	30081
.aider.input.history.rehydrated	OK	13326fd95d9e70452d20f024f9c880c57631ff8e	6163
.env	OK	f513fae33222c0c94b8299d178964f1180aa1395^	3337
.eslintcache	OK	d313c8b7994cc78b257cf8c3d10c4cb673d6b172^	795
.eslintignore	OK	b9ff8a94ddd34a82565e6c966ff22b5d7f2b6107^	98
.eslintrc.cjs.rehydrated	OK	25c38b92811825aa792e1f75b27fd2f66e54adeb	2017
.eslintrc.js	OK	2f61db3ed9fde692392a18797cf1378f230899a5^	646
.github/codeql/codeql-config.yml.rehydrated	OK	117444784688203521b8f93f9b3407348baa9a4c	142
.github/workflows/batch-merge.yml	OK	f513fae33222c0c94b8299d178964f1180aa1395^	1684
.github/workflows/canary-progress.yml	OK	4e9d7ea364f6d010ad2bfd5dbf24327609954615^	897
.github/workflows/ci-performance-k6.yml	OK	4e9d7ea364f6d010ad2bfd5dbf24327609954615^	2196
.github/workflows/ci-zap.yml	OK	4e9d7ea364f6d010ad2bfd5dbf24327609954615^	822
.github/workflows/ci.yml.rehydrated	OK	d12034577a6297ed52af5ecdc8b64417c5566929	2274
.github/workflows/er-precision-gate.yml	OK	5329b5f387a26509b0675f573f37fcd4b6e4da0e^	8646
.github/workflows/nightly-cve-scan.yml	OK	4e9d7ea364f6d010ad2bfd5dbf24327609954615^	260
.github/workflows/nightly-stage-validation.yml	SKIP		
.github/workflows/post-ga-patch.yml	OK	4e9d7ea364f6d010ad2bfd5dbf24327609954615^	213
.github/workflows/preview.yml	OK	722386bb46e83ea65af82f35b2d925e45f01a028^	1925
.github/workflows/rbac-drift.yml	OK	4e9d7ea364f6d010ad2bfd5dbf24327609954615^	1117
.github/workflows/release-ga.yml	OK	4e9d7ea364f6d010ad2bfd5dbf24327609954615^	942
.github/workflows/release-on-main.yml	OK	5329b5f387a26509b0675f573f37fcd4b6e4da0e^	597
.github/workflows/soc2-evidence.yml	OK	4e9d7ea364f6d010ad2bfd5dbf24327609954615^	1094
.husky/commit-msg.rehydrated	OK	f0c7494dcd71dd8fe8c861621f9714a4607af601	109
.husky/pre-commit.rehydrated	OK	10dd135055a4ddc4b11192633913ef5f871bf190	40
.markdownlint.json.rehydrated	OK	81b5b74d27f12bf85360998a1bce9854a71c566f	39
.tmp.minimal-protection.json	OK	5329b5f387a26509b0675f573f37fcd4b6e4da0e^	440
.tmp.protection.json	OK	5329b5f387a26509b0675f573f37fcd4b6e4da0e^	1503
.tmp.protection.min.json	OK	5329b5f387a26509b0675f573f37fcd4b6e4da0e^	1635
.zap/rules.tsv.rehydrated	OK	117444784688203521b8f93f9b3407348baa9a4c	109
${input:duckdb_db_path}	OK	f513fae33222c0c94b8299d178964f1180aa1395^	12288
active-measures-module/client/components/ActiveMeasuresDashboard.tsx.rehydrated	OK	b9ff8a94ddd34a82565e6c966ff22b5d7f2b6107	16375
active-measures-module/client/components/MonitoringPanel.tsx.rehydrated	OK	b9ff8a94ddd34a82565e6c966ff22b5d7f2b6107	19879
active-measures-module/client/components/OperationCard.tsx.rehydrated	OK	b9ff8a94ddd34a82565e6c966ff22b5d7f2b6107	11907
active-measures-module/client/components/PortfolioDashboard_Enhanced.jsx.rehydrated	OK	b9ff8a94ddd34a82565e6c966ff22b5d7f2b6107	24655
active-measures-module/client/components/PortfolioDashboard.jsx.rehydrated	OK	10dd135055a4ddc4b11192633913ef5f871bf190	817
active-measures-module/client/components/PsyOpsPanel.tsx.rehydrated	OK	b9ff8a94ddd34a82565e6c966ff22b5d7f2b6107	29162
active-measures-module/client/queries/enhanced.js.rehydrated	OK	b9ff8a94ddd34a82565e6c966ff22b5d7f2b6107	8160
active-measures-module/client/queries/index.js.rehydrated	OK	10dd135055a4ddc4b11192633913ef5f871bf190	248
active-measures-module/client/store/activeMeasuresSlice.js.rehydrated	OK	10dd135055a4ddc4b11192633913ef5f871bf190	477
active-measures-module/docker-compose.yml.rehydrated	OK	10dd135055a4ddc4b11192633913ef5f871bf190	349
active-measures-module/Dockerfile.rehydrated	OK	117444784688203521b8f93f9b3407348baa9a4c	305
active-measures-module/package.json.rehydrated	OK	10dd135055a4ddc4b11192633913ef5f871bf190	449
active-measures-module/README.md.rehydrated	OK	10dd135055a4ddc4b11192633913ef5f871bf190	927
active-measures-module/scripts/merge.sh.rehydrated	OK	117444784688203521b8f93f9b3407348baa9a4c	310
active-measures-module/src/ai/simulation.ts.rehydrated	OK	b9ff8a94ddd34a82565e6c966ff22b5d7f2b6107	25307
active-measures-module/src/ai/SimulationFramework.ts.rehydrated	OK	b9ff8a94ddd34a82565e6c966ff22b5d7f2b6107	65393
active-measures-module/src/analytics/AnalyticsEngine.ts.rehydrated	OK	b9ff8a94ddd34a82565e6c966ff22b5d7f2b6107	74107
active-measures-module/src/approval/approvalEngine.ts.rehydrated	OK	b9ff8a94ddd34a82565e6c966ff22b5d7f2b6107	38481
active-measures-module/src/audit/auditEngine.ts.rehydrated	OK	b9ff8a94ddd34a82565e6c966ff22b5d7f2b6107	31781
active-measures-module/src/core/ActiveMeasuresEngine.ts.rehydrated	OK	61eb7fc0067b317e4c49e8be49ddf376def44519	21650
active-measures-module/src/db/neo4j.ts.rehydrated	OK	10dd135055a4ddc4b11192633913ef5f871bf190	202
active-measures-module/src/graphql/resolvers.ts.rehydrated	OK	10dd135055a4ddc4b11192633913ef5f871bf190	1415
active-measures-module/src/graphql/schema.ts.rehydrated	OK	10dd135055a4ddc4b11192633913ef5f871bf190	1041
active-measures-module/src/index.ts.rehydrated	OK	10dd135055a4ddc4b11192633913ef5f871bf190	593
active-measures-module/src/middleware/audit.ts.rehydrated	OK	10dd135055a4ddc4b11192633913ef5f871bf190	941
active-measures-module/src/middleware/auth.ts.rehydrated	OK	61eb7fc0067b317e4c49e8be49ddf376def44519	4784
active-measures-module/src/monitoring/realTimeMonitor.ts.rehydrated	OK	b9ff8a94ddd34a82565e6c966ff22b5d7f2b6107	43079
active-measures-module/src/psyops/framework.ts.rehydrated	OK	b9ff8a94ddd34a82565e6c966ff22b5d7f2b6107	14515
active-measures-module/src/psyops/segmentation.ts.rehydrated	OK	b9ff8a94ddd34a82565e6c966ff22b5d7f2b6107	17841
active-measures-module/src/security/homomorphicEncryption.ts.rehydrated	OK	b9ff8a94ddd34a82565e6c966ff22b5d7f2b6107	29103
active-measures-module/src/security/postQuantumCrypto.ts.rehydrated	OK	b9ff8a94ddd34a82565e6c966ff22b5d7f2b6107	20359
active-measures-module/src/services/simulator.ts.rehydrated	OK	10dd135055a4ddc4b11192633913ef5f871bf190	620
active-measures-module/src/utils/audit.ts.rehydrated	OK	10dd135055a4ddc4b11192633913ef5f871bf190	281
active-measures-module/src/utils/logger.ts.rehydrated	OK	b9ff8a94ddd34a82565e6c966ff22b5d7f2b6107	1238
active-measures-module/src/utils/metrics.ts.rehydrated	OK	61eb7fc0067b317e4c49e8be49ddf376def44519	5106
active-measures-module/tests/psyops/framework.test.ts.rehydrated	OK	b9ff8a94ddd34a82565e6c966ff22b5d7f2b6107	11379
active-measures-module/tests/resolvers.test.ts.rehydrated	OK	10dd135055a4ddc4b11192633913ef5f871bf190	536
apps/web/package-lock.json	OK	81d149e3e63fc2efe521af9315351ab47445a18f^	678020
archive/frontend-migration/frontend/.vite/deps_temp_3d618747/package.json.rehydrated	OK	117444784688203521b8f93f9b3407348baa9a4c	23
archive/frontend-migration/frontend/.vite/deps_temp_f4413440/package.json.rehydrated	OK	117444784688203521b8f93f9b3407348baa9a4c	23
archive/frontend-migration/frontend/Dockerfile.dev.rehydrated	OK	117444784688203521b8f93f9b3407348baa9a4c	124
archive/frontend-migration/frontend/index.html.rehydrated	OK	b9ff8a94ddd34a82565e6c966ff22b5d7f2b6107	359
archive/frontend-migration/frontend/package.json.rehydrated	OK	117444784688203521b8f93f9b3407348baa9a4c	643
archive/frontend-migration/frontend/src/__tests__/Graph.test.jsx.rehydrated	OK	117444784688203521b8f93f9b3407348baa9a4c	1408
archive/frontend-migration/frontend/src/__tests__/Graph.test.tsx.rehydrated	OK	117444784688203521b8f93f9b3407348baa9a4c	881
archive/frontend-migration/frontend/src/__tests__/TimelinePanel.test.jsx.rehydrated	OK	b9ff8a94ddd34a82565e6c966ff22b5d7f2b6107	420
archive/frontend-migration/frontend/src/__tests__/TimelinePanel.test.tsx.rehydrated	OK	117444784688203521b8f93f9b3407348baa9a4c	420
archive/frontend-migration/frontend/src/App.css.rehydrated	OK	117444784688203521b8f93f9b3407348baa9a4c	310
archive/frontend-migration/frontend/src/App.jsx.rehydrated	OK	117444784688203521b8f93f9b3407348baa9a4c	3322
archive/frontend-migration/frontend/src/App.tsx.rehydrated	OK	117444784688203521b8f93f9b3407348baa9a4c	2125
archive/frontend-migration/frontend/src/Graph.jsx.rehydrated	OK	117444784688203521b8f93f9b3407348baa9a4c	3720
archive/frontend-migration/frontend/src/Graph.tsx.rehydrated	OK	117444784688203521b8f93f9b3407348baa9a4c	3930
archive/frontend-migration/frontend/src/index.css.rehydrated	OK	b9ff8a94ddd34a82565e6c966ff22b5d7f2b6107	314
archive/frontend-migration/frontend/src/layoutWorker.ts.rehydrated	OK	b9ff8a94ddd34a82565e6c966ff22b5d7f2b6107	590
archive/frontend-migration/frontend/src/main.jsx.rehydrated	OK	b9ff8a94ddd34a82565e6c966ff22b5d7f2b6107	236
archive/frontend-migration/frontend/src/main.tsx.rehydrated	OK	117444784688203521b8f93f9b3407348baa9a4c	251
archive/frontend-migration/frontend/src/TimelinePanel.jsx.rehydrated	OK	b9ff8a94ddd34a82565e6c966ff22b5d7f2b6107	340
archive/frontend-migration/frontend/src/TimelinePanel.tsx.rehydrated	OK	117444784688203521b8f93f9b3407348baa9a4c	524
archive/frontend-migration/frontend/vite.config.js.rehydrated	OK	b9ff8a94ddd34a82565e6c966ff22b5d7f2b6107	374
archive/frontend-migration/README.md.rehydrated	OK	b9ff8a94ddd34a82565e6c966ff22b5d7f2b6107	2014
archive/frontend-migration/web/.eslintrc.cjs.rehydrated	OK	b9ff8a94ddd34a82565e6c966ff22b5d7f2b6107	648
archive/frontend-migration/web/.prettierrc.rehydrated	OK	b9ff8a94ddd34a82565e6c966ff22b5d7f2b6107	158
archive/frontend-migration/web/.storybook/main.ts.rehydrated	OK	b9ff8a94ddd34a82565e6c966ff22b5d7f2b6107	740
archive/frontend-migration/web/.storybook/preview.ts.rehydrated	OK	b9ff8a94ddd34a82565e6c966ff22b5d7f2b6107	750
archive/frontend-migration/web/index.html.rehydrated	OK	b9ff8a94ddd34a82565e6c966ff22b5d7f2b6107	468
archive/frontend-migration/web/package-lock.json	OK	81d149e3e63fc2efe521af9315351ab47445a18f^	678020
archive/frontend-migration/web/package.json.rehydrated	OK	117444784688203521b8f93f9b3407348baa9a4c	2546
archive/frontend-migration/web/postcss.config.js.rehydrated	OK	b9ff8a94ddd34a82565e6c966ff22b5d7f2b6107	80
archive/frontend-migration/web/public/mockServiceWorker.js.rehydrated	OK	117444784688203521b8f93f9b3407348baa9a4c	4194
archive/frontend-migration/web/public/vite.svg.rehydrated	OK	117444784688203521b8f93f9b3407348baa9a4c	1497
archive/frontend-migration/web/README.md.rehydrated	OK	b9ff8a94ddd34a82565e6c966ff22b5d7f2b6107	8848
archive/frontend-migration/web/src/App.tsx.rehydrated	OK	b9ff8a94ddd34a82565e6c966ff22b5d7f2b6107	3634
archive/frontend-migration/web/src/components/ConnectionStatus.tsx.rehydrated	OK	b9ff8a94ddd34a82565e6c966ff22b5d7f2b6107	1431
archive/frontend-migration/web/src/components/GlobalSearch.tsx.rehydrated	OK	b9ff8a94ddd34a82565e6c966ff22b5d7f2b6107	8744
archive/frontend-migration/web/src/components/Layout.tsx.rehydrated	OK	b9ff8a94ddd34a82565e6c966ff22b5d7f2b6107	1924
archive/frontend-migration/web/src/components/Navigation.tsx.rehydrated	OK	b9ff8a94ddd34a82565e6c966ff22b5d7f2b6107	6477
archive/frontend-migration/web/src/components/panels/EntityDrawer.stories.tsx.rehydrated	OK	b9ff8a94ddd34a82565e6c966ff22b5d7f2b6107	2551
archive/frontend-migration/web/src/components/panels/EntityDrawer.tsx.rehydrated	OK	b9ff8a94ddd34a82565e6c966ff22b5d7f2b6107	12639
archive/frontend-migration/web/src/components/panels/FilterPanel.tsx.rehydrated	OK	b9ff8a94ddd34a82565e6c966ff22b5d7f2b6107	12064
archive/frontend-migration/web/src/components/panels/KPIStrip.stories.tsx.rehydrated	OK	b9ff8a94ddd34a82565e6c966ff22b5d7f2b6107	2775
archive/frontend-migration/web/src/components/panels/KPIStrip.tsx.rehydrated	OK	b9ff8a94ddd34a82565e6c966ff22b5d7f2b6107	5659
archive/frontend-migration/web/src/components/panels/TimelineRail.tsx.rehydrated	OK	b9ff8a94ddd34a82565e6c966ff22b5d7f2b6107	9858
archive/frontend-migration/web/src/components/ui/Badge.tsx.rehydrated	OK	b9ff8a94ddd34a82565e6c966ff22b5d7f2b6107	2206
archive/frontend-migration/web/src/components/ui/Button.tsx.rehydrated	OK	b9ff8a94ddd34a82565e6c966ff22b5d7f2b6107	1895
archive/frontend-migration/web/src/components/ui/Card.stories.tsx.rehydrated	OK	b9ff8a94ddd34a82565e6c966ff22b5d7f2b6107	3221
archive/frontend-migration/web/src/components/ui/Card.tsx.rehydrated	OK	b9ff8a94ddd34a82565e6c966ff22b5d7f2b6107	1876
archive/frontend-migration/web/src/components/ui/Drawer.tsx.rehydrated	OK	b9ff8a94ddd34a82565e6c966ff22b5d7f2b6107	4278
archive/frontend-migration/web/src/components/ui/EmptyState.tsx.rehydrated	OK	b9ff8a94ddd34a82565e6c966ff22b5d7f2b6107	1407
archive/frontend-migration/web/src/components/ui/index.ts.rehydrated	OK	b9ff8a94ddd34a82565e6c966ff22b5d7f2b6107	846
archive/frontend-migration/web/src/components/ui/Pagination.tsx.rehydrated	OK	b9ff8a94ddd34a82565e6c966ff22b5d7f2b6107	3105
archive/frontend-migration/web/src/components/ui/SearchBar.tsx.rehydrated	OK	b9ff8a94ddd34a82565e6c966ff22b5d7f2b6107	2417
archive/frontend-migration/web/src/components/ui/Skeleton.tsx.rehydrated	OK	b9ff8a94ddd34a82565e6c966ff22b5d7f2b6107	261
archive/frontend-migration/web/src/components/ui/Table.tsx.rehydrated	OK	b9ff8a94ddd34a82565e6c966ff22b5d7f2b6107	2764
archive/frontend-migration/web/src/components/ui/Tabs.tsx.rehydrated	OK	b9ff8a94ddd34a82565e6c966ff22b5d7f2b6107	1882
archive/frontend-migration/web/src/components/ui/Tooltip.tsx.rehydrated	OK	b9ff8a94ddd34a82565e6c966ff22b5d7f2b6107	1144
archive/frontend-migration/web/src/contexts/AuthContext.tsx.rehydrated	OK	b9ff8a94ddd34a82565e6c966ff22b5d7f2b6107	2516
archive/frontend-migration/web/src/contexts/SearchContext.tsx.rehydrated	OK	b9ff8a94ddd34a82565e6c966ff22b5d7f2b6107	1737
archive/frontend-migration/web/src/contexts/SocketContext.tsx.rehydrated	OK	b9ff8a94ddd34a82565e6c966ff22b5d7f2b6107	2280
archive/frontend-migration/web/src/graphs/GraphCanvas.tsx.rehydrated	OK	b9ff8a94ddd34a82565e6c966ff22b5d7f2b6107	11887
archive/frontend-migration/web/src/hooks/useGraphQL.ts.rehydrated	OK	b9ff8a94ddd34a82565e6c966ff22b5d7f2b6107	5216
archive/frontend-migration/web/src/hooks/useRbac.ts.rehydrated	OK	b9ff8a94ddd34a82565e6c966ff22b5d7f2b6107	3425
archive/frontend-migration/web/src/index.css.rehydrated	OK	b9ff8a94ddd34a82565e6c966ff22b5d7f2b6107	2977
archive/frontend-migration/web/src/lib/apollo.ts.rehydrated	OK	b9ff8a94ddd34a82565e6c966ff22b5d7f2b6107	2453
archive/frontend-migration/web/src/lib/utils.ts.rehydrated	OK	b9ff8a94ddd34a82565e6c966ff22b5d7f2b6107	2286
archive/frontend-migration/web/src/main.tsx.rehydrated	OK	b9ff8a94ddd34a82565e6c966ff22b5d7f2b6107	518
archive/frontend-migration/web/src/mock/browser.ts.rehydrated	OK	b9ff8a94ddd34a82565e6c966ff22b5d7f2b6107	120
archive/frontend-migration/web/src/mock/data.json.rehydrated	OK	b9ff8a94ddd34a82565e6c966ff22b5d7f2b6107	11656
archive/frontend-migration/web/src/mock/handlers.ts.rehydrated	OK	b9ff8a94ddd34a82565e6c966ff22b5d7f2b6107	5970
archive/frontend-migration/web/src/pages/AccessDeniedPage.tsx.rehydrated	OK	b9ff8a94ddd34a82565e6c966ff22b5d7f2b6107	556
archive/frontend-migration/web/src/pages/AdminPage.tsx.rehydrated	OK	b9ff8a94ddd34a82565e6c966ff22b5d7f2b6107	419
archive/frontend-migration/web/src/pages/AlertDetailPage.tsx.rehydrated	OK	b9ff8a94ddd34a82565e6c966ff22b5d7f2b6107	518
archive/frontend-migration/web/src/pages/AlertsPage.tsx.rehydrated	OK	b9ff8a94ddd34a82565e6c966ff22b5d7f2b6107	12305
archive/frontend-migration/web/src/pages/CaseDetailPage.tsx.rehydrated	OK	b9ff8a94ddd34a82565e6c966ff22b5d7f2b6107	517
archive/frontend-migration/web/src/pages/CasesPage.tsx.rehydrated	OK	b9ff8a94ddd34a82565e6c966ff22b5d7f2b6107	415
archive/frontend-migration/web/src/pages/ChangelogPage.tsx.rehydrated	OK	b9ff8a94ddd34a82565e6c966ff22b5d7f2b6107	413
archive/frontend-migration/web/src/pages/dashboards/CommandCenterDashboard.tsx.rehydrated	OK	b9ff8a94ddd34a82565e6c966ff22b5d7f2b6107	4257
archive/frontend-migration/web/src/pages/dashboards/SupplyChainDashboard.tsx.rehydrated	OK	b9ff8a94ddd34a82565e6c966ff22b5d7f2b6107	448
archive/frontend-migration/web/src/pages/DataSourcesPage.tsx.rehydrated	OK	b9ff8a94ddd34a82565e6c966ff22b5d7f2b6107	426
archive/frontend-migration/web/src/pages/ExplorePage.tsx.rehydrated	OK	b9ff8a94ddd34a82565e6c966ff22b5d7f2b6107	11226
archive/frontend-migration/web/src/pages/HelpPage.tsx.rehydrated	OK	b9ff8a94ddd34a82565e6c966ff22b5d7f2b6107	415
archive/frontend-migration/web/src/pages/HomePage.tsx.rehydrated	OK	b9ff8a94ddd34a82565e6c966ff22b5d7f2b6107	12495
archive/frontend-migration/web/src/pages/ModelsPage.tsx.rehydrated	OK	b9ff8a94ddd34a82565e6c966ff22b5d7f2b6107	410
archive/frontend-migration/web/src/pages/ReportsPage.tsx.rehydrated	OK	b9ff8a94ddd34a82565e6c966ff22b5d7f2b6107	404
archive/frontend-migration/web/src/pages/SignInPage.tsx.rehydrated	OK	b9ff8a94ddd34a82565e6c966ff22b5d7f2b6107	5661
archive/frontend-migration/web/src/types/index.ts.rehydrated	OK	b9ff8a94ddd34a82565e6c966ff22b5d7f2b6107	4056
archive/frontend-migration/web/tailwind.config.ts.rehydrated	OK	b9ff8a94ddd34a82565e6c966ff22b5d7f2b6107	3142
archive/frontend-migration/web/tsconfig.json.rehydrated	OK	b9ff8a94ddd34a82565e6c966ff22b5d7f2b6107	643
archive/frontend-migration/web/tsconfig.node.json.rehydrated	OK	b9ff8a94ddd34a82565e6c966ff22b5d7f2b6107	213
archive/frontend-migration/web/vite.config.ts.rehydrated	OK	b9ff8a94ddd34a82565e6c966ff22b5d7f2b6107	376
artifacts/chaos/worker-crash.log	OK	921a2e0dbaf2efe117303580d3d4fe8b7a9f923a^	28
BATCH_MERGE_IMPLEMENTATION.md	OK	5329b5f387a26509b0675f573f37fcd4b6e4da0e^	5143
client/.eslintrc.js	OK	2f61db3ed9fde692392a18797cf1378f230899a5^	1284
client/babel.config.js	OK	81d149e3e63fc2efe521af9315351ab47445a18f^	202
client/dist/assets/_basePickBy-6519264b.js	OK	921a2e0dbaf2efe117303580d3d4fe8b7a9f923a^	2664
client/dist/assets/_basePickBy-6519264b.js.map	OK	921a2e0dbaf2efe117303580d3d4fe8b7a9f923a^	25550
client/dist/assets/_baseUniq-0830d111.js	OK	921a2e0dbaf2efe117303580d3d4fe8b7a9f923a^	12287
client/dist/assets/_baseUniq-0830d111.js.map	OK	921a2e0dbaf2efe117303580d3d4fe8b7a9f923a^	104862
client/dist/assets/arc-98815852.js	OK	921a2e0dbaf2efe117303580d3d4fe8b7a9f923a^	3475
client/dist/assets/arc-98815852.js.map	OK	921a2e0dbaf2efe117303580d3d4fe8b7a9f923a^	16956
client/dist/assets/architecture-O4VJ6CD3-acc09498.js	OK	921a2e0dbaf2efe117303580d3d4fe8b7a9f923a^	307
client/dist/assets/architecture-O4VJ6CD3-acc09498.js.map	OK	921a2e0dbaf2efe117303580d3d4fe8b7a9f923a^	114
client/dist/assets/architectureDiagram-KFL7JDKH-b42719c8.js	OK	921a2e0dbaf2efe117303580d3d4fe8b7a9f923a^	148630
client/dist/assets/architectureDiagram-KFL7JDKH-b42719c8.js.map	OK	921a2e0dbaf2efe117303580d3d4fe8b7a9f923a^	590522
client/dist/assets/blockDiagram-ZYB65J3Q-8978d122.js	OK	921a2e0dbaf2efe117303580d3d4fe8b7a9f923a^	73180
client/dist/assets/blockDiagram-ZYB65J3Q-8978d122.js.map	OK	921a2e0dbaf2efe117303580d3d4fe8b7a9f923a^	247905
client/dist/assets/c4Diagram-AAMF2YG6-a53d3db6.js	OK	921a2e0dbaf2efe117303580d3d4fe8b7a9f923a^	70165
client/dist/assets/c4Diagram-AAMF2YG6-a53d3db6.js.map	OK	921a2e0dbaf2efe117303580d3d4fe8b7a9f923a^	203819
client/dist/assets/channel-90248521.js	OK	921a2e0dbaf2efe117303580d3d4fe8b7a9f923a^	152
client/dist/assets/channel-90248521.js.map	OK	921a2e0dbaf2efe117303580d3d4fe8b7a9f923a^	557
client/dist/assets/chunk-ANTBXLJU-57991e18.js	OK	921a2e0dbaf2efe117303580d3d4fe8b7a9f923a^	342
client/dist/assets/chunk-ANTBXLJU-57991e18.js.map	OK	921a2e0dbaf2efe117303580d3d4fe8b7a9f923a^	939
client/dist/assets/chunk-FHKO5MBM-25751ad8.js	OK	921a2e0dbaf2efe117303580d3d4fe8b7a9f923a^	238
client/dist/assets/chunk-FHKO5MBM-25751ad8.js.map	OK	921a2e0dbaf2efe117303580d3d4fe8b7a9f923a^	828
client/dist/assets/chunk-GLLZNHP4-10b68f20.js	OK	921a2e0dbaf2efe117303580d3d4fe8b7a9f923a^	411
client/dist/assets/chunk-GLLZNHP4-10b68f20.js.map	OK	921a2e0dbaf2efe117303580d3d4fe8b7a9f923a^	824
client/dist/assets/chunk-JBRWN2VN-b8f39d3f.js	OK	921a2e0dbaf2efe117303580d3d4fe8b7a9f923a^	45352
client/dist/assets/chunk-JBRWN2VN-b8f39d3f.js.map	OK	921a2e0dbaf2efe117303580d3d4fe8b7a9f923a^	139770
client/dist/assets/chunk-LXBSTHXV-2833d8d9.js	OK	921a2e0dbaf2efe117303580d3d4fe8b7a9f923a^	36843
client/dist/assets/chunk-LXBSTHXV-2833d8d9.js.map	OK	921a2e0dbaf2efe117303580d3d4fe8b7a9f923a^	121773
client/dist/assets/chunk-NRVI72HA-f3ec5297.js	OK	921a2e0dbaf2efe117303580d3d4fe8b7a9f923a^	577
client/dist/assets/chunk-NRVI72HA-f3ec5297.js.map	OK	921a2e0dbaf2efe117303580d3d4fe8b7a9f923a^	2275
client/dist/assets/chunk-OMD6QJNC-aae9efcc.js	OK	921a2e0dbaf2efe117303580d3d4fe8b7a9f923a^	1458
client/dist/assets/chunk-OMD6QJNC-aae9efcc.js.map	OK	921a2e0dbaf2efe117303580d3d4fe8b7a9f923a^	5784
client/dist/assets/chunk-WVR4S24B-56a67fa1.js	OK	921a2e0dbaf2efe117303580d3d4fe8b7a9f923a^	275
client/dist/assets/chunk-WVR4S24B-56a67fa1.js.map	OK	921a2e0dbaf2efe117303580d3d4fe8b7a9f923a^	1077
client/dist/assets/classDiagram-3BZAVTQC-d007e2c4.js	OK	921a2e0dbaf2efe117303580d3d4fe8b7a9f923a^	454
client/dist/assets/classDiagram-3BZAVTQC-d007e2c4.js.map	OK	921a2e0dbaf2efe117303580d3d4fe8b7a9f923a^	1500
client/dist/assets/classDiagram-v2-QTMF73CY-d007e2c4.js	OK	921a2e0dbaf2efe117303580d3d4fe8b7a9f923a^	457
client/dist/assets/classDiagram-v2-QTMF73CY-d007e2c4.js.map	OK	921a2e0dbaf2efe117303580d3d4fe8b7a9f923a^	1509
client/dist/assets/clone-2ea79de7.js	OK	921a2e0dbaf2efe117303580d3d4fe8b7a9f923a^	139
client/dist/assets/clone-2ea79de7.js.map	OK	921a2e0dbaf2efe117303580d3d4fe8b7a9f923a^	1392
client/dist/assets/dagre-2BBEFEWP-01a1e9fe.js	OK	921a2e0dbaf2efe117303580d3d4fe8b7a9f923a^	11286
client/dist/assets/dagre-2BBEFEWP-01a1e9fe.js.map	OK	921a2e0dbaf2efe117303580d3d4fe8b7a9f923a^	41845
client/dist/assets/diagram-4IRLE6MV-3e88979a.js	OK	921a2e0dbaf2efe117303580d3d4fe8b7a9f923a^	15938
client/dist/assets/diagram-4IRLE6MV-3e88979a.js.map	OK	921a2e0dbaf2efe117303580d3d4fe8b7a9f923a^	60369
client/dist/assets/diagram-GUPCWM2R-e0aba1d4.js	OK	921a2e0dbaf2efe117303580d3d4fe8b7a9f923a^	4360
client/dist/assets/diagram-GUPCWM2R-e0aba1d4.js.map	OK	921a2e0dbaf2efe117303580d3d4fe8b7a9f923a^	13566
client/dist/assets/diagram-RP2FKANI-c103db37.js	OK	921a2e0dbaf2efe117303580d3d4fe8b7a9f923a^	6075
client/dist/assets/diagram-RP2FKANI-c103db37.js.map	OK	921a2e0dbaf2efe117303580d3d4fe8b7a9f923a^	20774
client/dist/assets/erDiagram-HZWUO2LU-9183d179.js	OK	921a2e0dbaf2efe117303580d3d4fe8b7a9f923a^	25359
client/dist/assets/erDiagram-HZWUO2LU-9183d179.js.map	OK	921a2e0dbaf2efe117303580d3d4fe8b7a9f923a^	85558
client/dist/assets/flowDiagram-THRYKUMA-840d3147.js	OK	921a2e0dbaf2efe117303580d3d4fe8b7a9f923a^	61133
client/dist/assets/flowDiagram-THRYKUMA-840d3147.js.map	OK	921a2e0dbaf2efe117303580d3d4fe8b7a9f923a^	190113
client/dist/assets/ganttDiagram-WV7ZQ7D5-2b262084.js	OK	921a2e0dbaf2efe117303580d3d4fe8b7a9f923a^	47564
client/dist/assets/ganttDiagram-WV7ZQ7D5-2b262084.js.map	OK	921a2e0dbaf2efe117303580d3d4fe8b7a9f923a^	160398
client/dist/assets/gitGraph-ZV4HHKMB-8032d81b.js	OK	921a2e0dbaf2efe117303580d3d4fe8b7a9f923a^	295
client/dist/assets/gitGraph-ZV4HHKMB-8032d81b.js.map	OK	921a2e0dbaf2efe117303580d3d4fe8b7a9f923a^	110
client/dist/assets/gitGraphDiagram-OJR772UL-e63bd419.js	OK	921a2e0dbaf2efe117303580d3d4fe8b7a9f923a^	24759
client/dist/assets/gitGraphDiagram-OJR772UL-e63bd419.js.map	OK	921a2e0dbaf2efe117303580d3d4fe8b7a9f923a^	102721
client/dist/assets/graph-8040ad8f.js	OK	921a2e0dbaf2efe117303580d3d4fe8b7a9f923a^	5970
client/dist/assets/graph-8040ad8f.js.map	OK	921a2e0dbaf2efe117303580d3d4fe8b7a9f923a^	22901
client/dist/assets/index-62639dee.css	OK	921a2e0dbaf2efe117303580d3d4fe8b7a9f923a^	19959
client/dist/assets/index-9fe5d049.js	OK	921a2e0dbaf2efe117303580d3d4fe8b7a9f923a^	3469524
client/dist/assets/index-9fe5d049.js.map	OK	921a2e0dbaf2efe117303580d3d4fe8b7a9f923a^	14759660
client/dist/assets/info-63CPKGFF-64542582.js	OK	921a2e0dbaf2efe117303580d3d4fe8b7a9f923a^	283
client/dist/assets/info-63CPKGFF-64542582.js.map	OK	921a2e0dbaf2efe117303580d3d4fe8b7a9f923a^	106
client/dist/assets/infoDiagram-DDUCL6P7-30a4929b.js	OK	921a2e0dbaf2efe117303580d3d4fe8b7a9f923a^	717
client/dist/assets/infoDiagram-DDUCL6P7-30a4929b.js.map	OK	921a2e0dbaf2efe117303580d3d4fe8b7a9f923a^	2331
client/dist/assets/journeyDiagram-FFXJYRFH-af6e03ac.js	OK	921a2e0dbaf2efe117303580d3d4fe8b7a9f923a^	23581
client/dist/assets/journeyDiagram-FFXJYRFH-af6e03ac.js.map	OK	921a2e0dbaf2efe117303580d3d4fe8b7a9f923a^	80361
client/dist/assets/kanban-definition-KOZQBZVT-4297019f.js	OK	921a2e0dbaf2efe117303580d3d4fe8b7a9f923a^	20631
client/dist/assets/kanban-definition-KOZQBZVT-4297019f.js.map	OK	921a2e0dbaf2efe117303580d3d4fe8b7a9f923a^	68245
client/dist/assets/katex-c7e083e0.js	OK	921a2e0dbaf2efe117303580d3d4fe8b7a9f923a^	265545
client/dist/assets/katex-c7e083e0.js.map	OK	921a2e0dbaf2efe117303580d3d4fe8b7a9f923a^	987820
client/dist/assets/layout-b18d5b1f.js	OK	921a2e0dbaf2efe117303580d3d4fe8b7a9f923a^	27471
client/dist/assets/layout-b18d5b1f.js.map	OK	921a2e0dbaf2efe117303580d3d4fe8b7a9f923a^	161726
client/dist/assets/mermaid-parser.core-192d8531.js	OK	921a2e0dbaf2efe117303580d3d4fe8b7a9f923a^	329838
client/dist/assets/mermaid-parser.core-192d8531.js.map	OK	921a2e0dbaf2efe117303580d3d4fe8b7a9f923a^	1350908
client/dist/assets/mindmap-definition-LNHGMQRG-9bcbdd72.js	OK	921a2e0dbaf2efe117303580d3d4fe8b7a9f923a^	101538
client/dist/assets/mindmap-definition-LNHGMQRG-9bcbdd72.js.map	OK	921a2e0dbaf2efe117303580d3d4fe8b7a9f923a^	367196
client/dist/assets/packet-HUATNLJX-c58ba420.js	OK	921a2e0dbaf2efe117303580d3d4fe8b7a9f923a^	289
client/dist/assets/packet-HUATNLJX-c58ba420.js.map	OK	921a2e0dbaf2efe117303580d3d4fe8b7a9f923a^	108
client/dist/assets/pie-WTHONI2E-c59b310c.js	OK	921a2e0dbaf2efe117303580d3d4fe8b7a9f923a^	280
client/dist/assets/pie-WTHONI2E-c59b310c.js.map	OK	921a2e0dbaf2efe117303580d3d4fe8b7a9f923a^	105
client/dist/assets/pieDiagram-DBDJKBY4-3a84224a.js	OK	921a2e0dbaf2efe117303580d3d4fe8b7a9f923a^	5239
client/dist/assets/pieDiagram-DBDJKBY4-3a84224a.js.map	OK	921a2e0dbaf2efe117303580d3d4fe8b7a9f923a^	18631
client/dist/assets/quadrantDiagram-YPSRARAO-37ddef03.js	OK	921a2e0dbaf2efe117303580d3d4fe8b7a9f923a^	34250
client/dist/assets/quadrantDiagram-YPSRARAO-37ddef03.js.map	OK	921a2e0dbaf2efe117303580d3d4fe8b7a9f923a^	110930
client/dist/assets/radar-NJJJXTRR-36ff1986.js	OK	921a2e0dbaf2efe117303580d3d4fe8b7a9f923a^	286
client/dist/assets/radar-NJJJXTRR-36ff1986.js.map	OK	921a2e0dbaf2efe117303580d3d4fe8b7a9f923a^	107
client/dist/assets/requirementDiagram-EGVEC5DT-1d1a1764.js	OK	921a2e0dbaf2efe117303580d3d4fe8b7a9f923a^	30291
client/dist/assets/requirementDiagram-EGVEC5DT-1d1a1764.js.map	OK	921a2e0dbaf2efe117303580d3d4fe8b7a9f923a^	96647
client/dist/assets/sankeyDiagram-HRAUVNP4-b494b805.js	OK	921a2e0dbaf2efe117303580d3d4fe8b7a9f923a^	22201
client/dist/assets/sankeyDiagram-HRAUVNP4-b494b805.js.map	OK	921a2e0dbaf2efe117303580d3d4fe8b7a9f923a^	85060
client/dist/assets/sequenceDiagram-4MX5Z3NR-22c026b1.js	OK	921a2e0dbaf2efe117303580d3d4fe8b7a9f923a^	88714
client/dist/assets/sequenceDiagram-4MX5Z3NR-22c026b1.js.map	OK	921a2e0dbaf2efe117303580d3d4fe8b7a9f923a^	262143
client/dist/assets/stateDiagram-UUKSUZ4H-a7c5d55d.js	OK	921a2e0dbaf2efe117303580d3d4fe8b7a9f923a^	10410
client/dist/assets/stateDiagram-UUKSUZ4H-a7c5d55d.js.map	OK	921a2e0dbaf2efe117303580d3d4fe8b7a9f923a^	35642
client/dist/assets/stateDiagram-v2-EYPG3UTE-526f5693.js	OK	921a2e0dbaf2efe117303580d3d4fe8b7a9f923a^	423
client/dist/assets/stateDiagram-v2-EYPG3UTE-526f5693.js.map	OK	921a2e0dbaf2efe117303580d3d4fe8b7a9f923a^	1487
client/dist/assets/timeline-definition-3HZDQTIS-7e8611b9.js	OK	921a2e0dbaf2efe117303580d3d4fe8b7a9f923a^	23756
client/dist/assets/timeline-definition-3HZDQTIS-7e8611b9.js.map	OK	921a2e0dbaf2efe117303580d3d4fe8b7a9f923a^	82175
client/dist/assets/treemap-75Q7IDZK-2044c497.js	OK	921a2e0dbaf2efe117303580d3d4fe8b7a9f923a^	292
client/dist/assets/treemap-75Q7IDZK-2044c497.js.map	OK	921a2e0dbaf2efe117303580d3d4fe8b7a9f923a^	109
client/dist/assets/xychartDiagram-FDP5SA34-d0b17676.js	OK	921a2e0dbaf2efe117303580d3d4fe8b7a9f923a^	38846
client/dist/assets/xychartDiagram-FDP5SA34-d0b17676.js.map	OK	921a2e0dbaf2efe117303580d3d4fe8b7a9f923a^	127433
client/dist/index.html	OK	921a2e0dbaf2efe117303580d3d4fe8b7a9f923a^	726
client/dist/test-static.html	OK	921a2e0dbaf2efe117303580d3d4fe8b7a9f923a^	1516
client/dist/vite.svg	OK	921a2e0dbaf2efe117303580d3d4fe8b7a9f923a^	1497
client/package-lock.json	OK	0e744fb6f0fb08b10c3dc4733f70530b84d79168^	827674
client/playwright-report/data/ced4dad1f2fa9332b574306a2478a05aced67ef5.md.rehydrated	OK	b9ff8a94ddd34a82565e6c966ff22b5d7f2b6107	2712
client/public/vite.svg.rehydrated	OK	d3cd7ed2ee7e755d6654e793b503420e51566764	1497
client/src/App.apollo.jsx.rehydrated	OK	b9ff8a94ddd34a82565e6c966ff22b5d7f2b6107	6906
client/src/App.basic.jsx.rehydrated	OK	b9ff8a94ddd34a82565e6c966ff22b5d7f2b6107	5553
client/src/App.minimal.jsx.rehydrated	OK	b9ff8a94ddd34a82565e6c966ff22b5d7f2b6107	1029
client/src/App.progressive.jsx.rehydrated	OK	b9ff8a94ddd34a82565e6c966ff22b5d7f2b6107	4651
client/src/App.router.jsx.rehydrated	OK	81d149e3e63fc2efe521af9315351ab47445a18f	26380
client/src/App.simple.jsx.rehydrated	OK	b9ff8a94ddd34a82565e6c966ff22b5d7f2b6107	2701
client/src/App.test-simple.jsx.rehydrated	OK	b9ff8a94ddd34a82565e6c966ff22b5d7f2b6107	1519
client/src/App.test.jsx.rehydrated	OK	b9ff8a94ddd34a82565e6c966ff22b5d7f2b6107	281
client/src/App.working.jsx.rehydrated	OK	b9ff8a94ddd34a82565e6c966ff22b5d7f2b6107	3358
client/src/components/graph/MVP0Canvas.jsx.rehydrated	OK	b9ff8a94ddd34a82565e6c966ff22b5d7f2b6107	19567
client/src/components/IntelGraphWorkbench.tsx.rehydrated	OK	b9ff8a94ddd34a82565e6c966ff22b5d7f2b6107	26119
client/src/components/PolicyDenialBanner.tsx	OK	5329b5f387a26509b0675f573f37fcd4b6e4da0e^	13811
client/src/features/rbac/AccessIntelPage.jsx.rehydrated	OK	b9ff8a94ddd34a82565e6c966ff22b5d7f2b6107	2032
client/src/graphql/queries/entities.graphql.rehydrated	OK	b9ff8a94ddd34a82565e6c966ff22b5d7f2b6107	1083
client/src/graphql/queries/graphQueries.graphql.rehydrated	OK	b9ff8a94ddd34a82565e6c966ff22b5d7f2b6107	116
client/src/graphql/queries/graphrag.graphql.rehydrated	OK	b9ff8a94ddd34a82565e6c966ff22b5d7f2b6107	821
client/src/graphql/queries/investigations.graphql.rehydrated	OK	e39de3bffc7e0f68b4581a6c1e375c8c34b70272^	936
client/src/lib/apollo.ts.rehydrated	OK	b9ff8a94ddd34a82565e6c966ff22b5d7f2b6107	905
client/src/lib/graphql.ts	OK	46fd5e7afdbf8babdf6f968eb7efd160f0c5563b^	59
client/src/main.router.jsx.rehydrated	OK	b9ff8a94ddd34a82565e6c966ff22b5d7f2b6107	1317
client/src/main.test.jsx.rehydrated	OK	b9ff8a94ddd34a82565e6c966ff22b5d7f2b6107	264
client/src/store.ts.rehydrated	OK	117444784688203521b8f93f9b3407348baa9a4c	300
client/src/store/slices/graphSlice.js.rehydrated	OK	25c38b92811825aa792e1f75b27fd2f66e54adeb	13495
client/src/tests/CopilotRunPanel.test.jsx	OK	b63ce8581492788027f451582a806cbc706eb524^	1286
client/src/tests/EnhancedGraphExplorer.test.jsx	OK	b63ce8581492788027f451582a806cbc706eb524^	1031
client/src/theme/tufteTheme.js	OK	3623245d0f67610cd90d42c2b9e26ac7f2cd60c5^	2485
client/src/utils/canvasPerformance.js.rehydrated	OK	b9ff8a94ddd34a82565e6c966ff22b5d7f2b6107	8783
client/test-results/.last-run.json.rehydrated	OK	b9ff8a94ddd34a82565e6c966ff22b5d7f2b6107	46
client/test-results/.playwright-artifacts-27/1abcc8a7-cffa-4a19-9ae6-16cefb3b5c04.webm.rehydrated	OK	61eb7fc0067b317e4c49e8be49ddf376def44519^	290937
client/test-results/.playwright-artifacts-27/traces/d6dd496e245cb9874cb8-465b9b1801948a4502df-retry1.network.rehydrated	OK	61eb7fc0067b317e4c49e8be49ddf376def44519^	164350
client/test-results/.playwright-artifacts-27/traces/d6dd496e245cb9874cb8-465b9b1801948a4502df-retry1.trace.rehydrated	OK	61eb7fc0067b317e4c49e8be49ddf376def44519^	17572
client/test-results/.playwright-artifacts-27/traces/resources/57cbee0c39e44e83d679674c56aad63cf8220bab.html.rehydrated	OK	b9ff8a94ddd34a82565e6c966ff22b5d7f2b6107	792
client/test-results/.playwright-artifacts-27/traces/resources/da39a3ee5e6b4b0d3255bfef95601890afd80709.dat.rehydrated	OK	61eb7fc0067b317e4c49e8be49ddf376def44519^	0
client/test-results/.playwright-artifacts-27/traces/resources/f7f39d7237b791a945d52a5cd7a8fb365f313366.svg.rehydrated	OK	61eb7fc0067b317e4c49e8be49ddf376def44519^	1497
client/test-results/.playwright-artifacts-27/traces/resources/page@85929c2e5da3a78fea247815f9f0b265-1755506200175.jpeg.rehydrated	OK	61eb7fc0067b317e4c49e8be49ddf376def44519^	6427
client/test-results/.playwright-artifacts-27/traces/resources/page@85929c2e5da3a78fea247815f9f0b265-1755506200257.jpeg.rehydrated	OK	61eb7fc0067b317e4c49e8be49ddf376def44519^	6840
client/test-results/.playwright-artifacts-27/traces/resources/page@85929c2e5da3a78fea247815f9f0b265-1755506200318.jpeg.rehydrated	OK	61eb7fc0067b317e4c49e8be49ddf376def44519^	6840
client/test-results/.playwright-artifacts-27/traces/resources/page@85929c2e5da3a78fea247815f9f0b265-1755506200351.jpeg.rehydrated	OK	61eb7fc0067b317e4c49e8be49ddf376def44519^	6840
client/test-results/.playwright-artifacts-27/traces/resources/page@85929c2e5da3a78fea247815f9f0b265-1755506200432.jpeg.rehydrated	OK	61eb7fc0067b317e4c49e8be49ddf376def44519^	6840
client/test-results/.playwright-artifacts-27/traces/resources/page@85929c2e5da3a78fea247815f9f0b265-1755506200488.jpeg.rehydrated	OK	61eb7fc0067b317e4c49e8be49ddf376def44519^	69731
client/test-results/.playwright-artifacts-27/traces/resources/page@85929c2e5da3a78fea247815f9f0b265-1755506200532.jpeg.rehydrated	OK	61eb7fc0067b317e4c49e8be49ddf376def44519^	69731
client/test-results/.playwright-artifacts-27/traces/resources/page@85929c2e5da3a78fea247815f9f0b265-1755506200577.jpeg.rehydrated	OK	61eb7fc0067b317e4c49e8be49ddf376def44519^	69731
client/test-results/.playwright-artifacts-27/traces/resources/page@85929c2e5da3a78fea247815f9f0b265-1755506200618.jpeg.rehydrated	OK	61eb7fc0067b317e4c49e8be49ddf376def44519^	69731
client/test-results/.playwright-artifacts-27/traces/resources/page@85929c2e5da3a78fea247815f9f0b265-1755506200661.jpeg.rehydrated	OK	61eb7fc0067b317e4c49e8be49ddf376def44519^	69731
client/test-results/.playwright-artifacts-27/traces/resources/page@85929c2e5da3a78fea247815f9f0b265-1755506200709.jpeg.rehydrated	OK	61eb7fc0067b317e4c49e8be49ddf376def44519^	69731
client/test-results/.playwright-artifacts-27/traces/resources/page@85929c2e5da3a78fea247815f9f0b265-1755506200927.jpeg.rehydrated	OK	61eb7fc0067b317e4c49e8be49ddf376def44519^	69731
client/test-results/.playwright-artifacts-27/traces/resources/page@85929c2e5da3a78fea247815f9f0b265-1755506201098.jpeg.rehydrated	OK	61eb7fc0067b317e4c49e8be49ddf376def44519^	69731
client/test-results/.playwright-artifacts-27/traces/resources/page@85929c2e5da3a78fea247815f9f0b265-1755506201315.jpeg.rehydrated	OK	61eb7fc0067b317e4c49e8be49ddf376def44519^	69731
client/test-results/.playwright-artifacts-27/traces/resources/page@85929c2e5da3a78fea247815f9f0b265-1755506201526.jpeg.rehydrated	OK	61eb7fc0067b317e4c49e8be49ddf376def44519^	69731
client/test-results/.playwright-artifacts-27/traces/resources/page@85929c2e5da3a78fea247815f9f0b265-1755506201713.jpeg.rehydrated	OK	61eb7fc0067b317e4c49e8be49ddf376def44519^	69731
client/test-results/.playwright-artifacts-27/traces/resources/page@85929c2e5da3a78fea247815f9f0b265-1755506201896.jpeg.rehydrated	OK	61eb7fc0067b317e4c49e8be49ddf376def44519^	69731
client/test-results/.playwright-artifacts-27/traces/resources/page@85929c2e5da3a78fea247815f9f0b265-1755506202118.jpeg.rehydrated	OK	61eb7fc0067b317e4c49e8be49ddf376def44519^	69731
client/test-results/.playwright-artifacts-27/traces/resources/page@85929c2e5da3a78fea247815f9f0b265-1755506202292.jpeg.rehydrated	OK	61eb7fc0067b317e4c49e8be49ddf376def44519^	69731
client/test-results/.playwright-artifacts-27/traces/resources/page@85929c2e5da3a78fea247815f9f0b265-1755506202514.jpeg.rehydrated	OK	61eb7fc0067b317e4c49e8be49ddf376def44519^	69731
client/test-results/.playwright-artifacts-27/traces/resources/page@85929c2e5da3a78fea247815f9f0b265-1755506202729.jpeg.rehydrated	OK	61eb7fc0067b317e4c49e8be49ddf376def44519^	69731
client/test-results/.playwright-artifacts-27/traces/resources/page@85929c2e5da3a78fea247815f9f0b265-1755506202902.jpeg.rehydrated	OK	61eb7fc0067b317e4c49e8be49ddf376def44519^	69731
client/test-results/.playwright-artifacts-27/traces/resources/page@85929c2e5da3a78fea247815f9f0b265-1755506203125.jpeg.rehydrated	OK	61eb7fc0067b317e4c49e8be49ddf376def44519^	69731
client/test-results/.playwright-artifacts-27/traces/resources/page@85929c2e5da3a78fea247815f9f0b265-1755506203339.jpeg.rehydrated	OK	61eb7fc0067b317e4c49e8be49ddf376def44519^	69731
client/test-results/.playwright-artifacts-27/traces/resources/page@85929c2e5da3a78fea247815f9f0b265-1755506203509.jpeg.rehydrated	OK	61eb7fc0067b317e4c49e8be49ddf376def44519^	69731
client/test-results/.playwright-artifacts-27/traces/resources/page@85929c2e5da3a78fea247815f9f0b265-1755506203755.jpeg.rehydrated	OK	61eb7fc0067b317e4c49e8be49ddf376def44519^	69731
client/test-results/.playwright-artifacts-27/traces/resources/page@85929c2e5da3a78fea247815f9f0b265-1755506203928.jpeg.rehydrated	OK	61eb7fc0067b317e4c49e8be49ddf376def44519^	69731
client/test-results/.playwright-artifacts-27/traces/resources/page@85929c2e5da3a78fea247815f9f0b265-1755506204140.jpeg.rehydrated	OK	61eb7fc0067b317e4c49e8be49ddf376def44519^	69731
client/test-results/.playwright-artifacts-27/traces/resources/page@85929c2e5da3a78fea247815f9f0b265-1755506204316.jpeg.rehydrated	OK	61eb7fc0067b317e4c49e8be49ddf376def44519^	69731
client/test-results/.playwright-artifacts-27/traces/resources/page@85929c2e5da3a78fea247815f9f0b265-1755506204526.jpeg.rehydrated	OK	61eb7fc0067b317e4c49e8be49ddf376def44519^	69731
client/test-results/.playwright-artifacts-27/traces/resources/page@85929c2e5da3a78fea247815f9f0b265-1755506204743.jpeg.rehydrated	OK	61eb7fc0067b317e4c49e8be49ddf376def44519^	69731
client/test-results/.playwright-artifacts-27/traces/resources/page@85929c2e5da3a78fea247815f9f0b265-1755506204906.jpeg.rehydrated	OK	61eb7fc0067b317e4c49e8be49ddf376def44519^	69731
client/test-results/.playwright-artifacts-27/traces/resources/page@85929c2e5da3a78fea247815f9f0b265-1755506205128.jpeg.rehydrated	OK	61eb7fc0067b317e4c49e8be49ddf376def44519^	69731
client/test-results/.playwright-artifacts-27/traces/resources/page@85929c2e5da3a78fea247815f9f0b265-1755506205344.jpeg.rehydrated	OK	61eb7fc0067b317e4c49e8be49ddf376def44519^	69731
client/test-results/.playwright-artifacts-27/traces/resources/page@85929c2e5da3a78fea247815f9f0b265-1755506205529.jpeg.rehydrated	OK	61eb7fc0067b317e4c49e8be49ddf376def44519^	69731
client/test-results/.playwright-artifacts-27/traces/resources/page@85929c2e5da3a78fea247815f9f0b265-1755506205748.jpeg.rehydrated	OK	61eb7fc0067b317e4c49e8be49ddf376def44519^	69731
client/test-results/.playwright-artifacts-27/traces/resources/page@85929c2e5da3a78fea247815f9f0b265-1755506205922.jpeg.rehydrated	OK	61eb7fc0067b317e4c49e8be49ddf376def44519^	69731
client/test-results/.playwright-artifacts-27/traces/resources/page@85929c2e5da3a78fea247815f9f0b265-1755506206138.jpeg.rehydrated	OK	61eb7fc0067b317e4c49e8be49ddf376def44519^	69731
client/test-results/.playwright-artifacts-27/traces/resources/page@85929c2e5da3a78fea247815f9f0b265-1755506206313.jpeg.rehydrated	OK	61eb7fc0067b317e4c49e8be49ddf376def44519^	69731
client/test-results/.playwright-artifacts-27/traces/resources/page@85929c2e5da3a78fea247815f9f0b265-1755506206532.jpeg.rehydrated	OK	61eb7fc0067b317e4c49e8be49ddf376def44519^	69731
client/test-results/.playwright-artifacts-27/traces/resources/page@85929c2e5da3a78fea247815f9f0b265-1755506206752.jpeg.rehydrated	OK	61eb7fc0067b317e4c49e8be49ddf376def44519^	69731
client/test-results/.playwright-artifacts-27/traces/resources/page@85929c2e5da3a78fea247815f9f0b265-1755506206942.jpeg.rehydrated	OK	61eb7fc0067b317e4c49e8be49ddf376def44519^	69731
client/test-results/.playwright-artifacts-27/traces/resources/page@85929c2e5da3a78fea247815f9f0b265-1755506207121.jpeg.rehydrated	OK	61eb7fc0067b317e4c49e8be49ddf376def44519^	69731
client/test-results/.playwright-artifacts-27/traces/resources/page@85929c2e5da3a78fea247815f9f0b265-1755506207333.jpeg.rehydrated	OK	61eb7fc0067b317e4c49e8be49ddf376def44519^	69731
client/test-results/.playwright-artifacts-27/traces/resources/page@85929c2e5da3a78fea247815f9f0b265-1755506207542.jpeg.rehydrated	OK	61eb7fc0067b317e4c49e8be49ddf376def44519^	69731
client/test-results/.playwright-artifacts-27/traces/resources/page@85929c2e5da3a78fea247815f9f0b265-1755506207720.jpeg.rehydrated	OK	61eb7fc0067b317e4c49e8be49ddf376def44519^	69731
client/test-results/.playwright-artifacts-27/traces/resources/page@85929c2e5da3a78fea247815f9f0b265-1755506207932.jpeg.rehydrated	OK	61eb7fc0067b317e4c49e8be49ddf376def44519^	69731
client/test-results/.playwright-artifacts-27/traces/resources/page@85929c2e5da3a78fea247815f9f0b265-1755506208161.jpeg.rehydrated	OK	61eb7fc0067b317e4c49e8be49ddf376def44519^	69731
client/test-results/.playwright-artifacts-27/traces/resources/page@85929c2e5da3a78fea247815f9f0b265-1755506208367.jpeg.rehydrated	OK	61eb7fc0067b317e4c49e8be49ddf376def44519^	69731
client/test-results/.playwright-artifacts-27/traces/resources/page@85929c2e5da3a78fea247815f9f0b265-1755506208550.jpeg.rehydrated	OK	61eb7fc0067b317e4c49e8be49ddf376def44519^	69731
client/test-results/.playwright-artifacts-27/traces/resources/page@85929c2e5da3a78fea247815f9f0b265-1755506208724.jpeg.rehydrated	OK	61eb7fc0067b317e4c49e8be49ddf376def44519^	69731
client/test-results/.playwright-artifacts-27/traces/resources/page@85929c2e5da3a78fea247815f9f0b265-1755506208931.jpeg.rehydrated	OK	61eb7fc0067b317e4c49e8be49ddf376def44519^	69731
client/test-results/.playwright-artifacts-27/traces/resources/page@85929c2e5da3a78fea247815f9f0b265-1755506209144.jpeg.rehydrated	OK	61eb7fc0067b317e4c49e8be49ddf376def44519^	69731
client/test-results/.playwright-artifacts-27/traces/resources/page@85929c2e5da3a78fea247815f9f0b265-1755506209363.jpeg.rehydrated	OK	61eb7fc0067b317e4c49e8be49ddf376def44519^	69731
client/test-results/.playwright-artifacts-27/traces/resources/page@85929c2e5da3a78fea247815f9f0b265-1755506209542.jpeg.rehydrated	OK	61eb7fc0067b317e4c49e8be49ddf376def44519^	69731
client/test-results/.playwright-artifacts-27/traces/resources/page@85929c2e5da3a78fea247815f9f0b265-1755506209762.jpeg.rehydrated	OK	61eb7fc0067b317e4c49e8be49ddf376def44519^	69731
client/test-results/.playwright-artifacts-27/traces/resources/page@85929c2e5da3a78fea247815f9f0b265-1755506209936.jpeg.rehydrated	OK	61eb7fc0067b317e4c49e8be49ddf376def44519^	69731
client/test-results/.playwright-artifacts-27/traces/resources/page@85929c2e5da3a78fea247815f9f0b265-1755506210156.jpeg.rehydrated	OK	61eb7fc0067b317e4c49e8be49ddf376def44519^	69731
client/test-results/.playwright-artifacts-27/traces/resources/page@85929c2e5da3a78fea247815f9f0b265-1755506210335.jpeg.rehydrated	OK	61eb7fc0067b317e4c49e8be49ddf376def44519^	69731
client/test-results/.playwright-artifacts-27/traces/resources/page@85929c2e5da3a78fea247815f9f0b265-1755506210549.jpeg.rehydrated	OK	61eb7fc0067b317e4c49e8be49ddf376def44519^	69731
client/test-results/.playwright-artifacts-27/traces/resources/page@85929c2e5da3a78fea247815f9f0b265-1755506210769.jpeg.rehydrated	OK	61eb7fc0067b317e4c49e8be49ddf376def44519^	69731
client/test-results/.playwright-artifacts-27/traces/resources/page@85929c2e5da3a78fea247815f9f0b265-1755506210949.jpeg.rehydrated	OK	61eb7fc0067b317e4c49e8be49ddf376def44519^	69731
client/test-results/.playwright-artifacts-28/a5604326c0ba6e121c1904f127034e7f.webm.rehydrated	OK	61eb7fc0067b317e4c49e8be49ddf376def44519^	278284
client/test-results/.playwright-artifacts-28/traces/d6dd496e245cb9874cb8-3afebdb901563c8362d1-retry1.network.rehydrated	OK	61eb7fc0067b317e4c49e8be49ddf376def44519^	169661
client/test-results/.playwright-artifacts-28/traces/d6dd496e245cb9874cb8-3afebdb901563c8362d1-retry1.trace.rehydrated	OK	61eb7fc0067b317e4c49e8be49ddf376def44519^	11618
client/test-results/.playwright-artifacts-28/traces/resources/57cbee0c39e44e83d679674c56aad63cf8220bab.html.rehydrated	OK	b9ff8a94ddd34a82565e6c966ff22b5d7f2b6107	792
client/test-results/.playwright-artifacts-28/traces/resources/page@1ced82e109ea73244b79c6151715d9b4-1755506201745.jpeg.rehydrated	OK	61eb7fc0067b317e4c49e8be49ddf376def44519^	6611
client/test-results/.playwright-artifacts-28/traces/resources/page@1ced82e109ea73244b79c6151715d9b4-1755506201989.jpeg.rehydrated	OK	61eb7fc0067b317e4c49e8be49ddf376def44519^	74947
client/test-results/.playwright-artifacts-28/traces/resources/page@1ced82e109ea73244b79c6151715d9b4-1755506202972.jpeg.rehydrated	OK	61eb7fc0067b317e4c49e8be49ddf376def44519^	74936
client/test-results/.playwright-artifacts-28/traces/resources/page@1ced82e109ea73244b79c6151715d9b4-1755506203749.jpeg.rehydrated	OK	61eb7fc0067b317e4c49e8be49ddf376def44519^	74947
client/test-results/.playwright-artifacts-28/traces/resources/page@1ced82e109ea73244b79c6151715d9b4-1755506204780.jpeg.rehydrated	OK	61eb7fc0067b317e4c49e8be49ddf376def44519^	74936
client/test-results/.playwright-artifacts-28/traces/resources/page@1ced82e109ea73244b79c6151715d9b4-1755506205760.jpeg.rehydrated	OK	61eb7fc0067b317e4c49e8be49ddf376def44519^	74947
client/test-results/.playwright-artifacts-28/traces/resources/page@1ced82e109ea73244b79c6151715d9b4-1755506206758.jpeg.rehydrated	OK	61eb7fc0067b317e4c49e8be49ddf376def44519^	74936
client/test-results/.playwright-artifacts-29/b35870289df7b37e607dfc836aeb74d6.webm.rehydrated	OK	61eb7fc0067b317e4c49e8be49ddf376def44519^	249833
client/test-results/.playwright-artifacts-29/traces/d6dd496e245cb9874cb8-5980590351ea931da430-retry1.network.rehydrated	OK	61eb7fc0067b317e4c49e8be49ddf376def44519^	169764
client/test-results/.playwright-artifacts-29/traces/d6dd496e245cb9874cb8-5980590351ea931da430-retry1.trace.rehydrated	OK	61eb7fc0067b317e4c49e8be49ddf376def44519^	11231
client/test-results/.playwright-artifacts-29/traces/resources/57cbee0c39e44e83d679674c56aad63cf8220bab.html.rehydrated	OK	b9ff8a94ddd34a82565e6c966ff22b5d7f2b6107	792
client/test-results/.playwright-artifacts-29/traces/resources/page@3ee38b29a8c5d02f83e962b3a6ef145e-1755506203570.jpeg.rehydrated	OK	61eb7fc0067b317e4c49e8be49ddf376def44519^	6611
client/test-results/.playwright-artifacts-29/traces/resources/page@3ee38b29a8c5d02f83e962b3a6ef145e-1755506203945.jpeg.rehydrated	OK	61eb7fc0067b317e4c49e8be49ddf376def44519^	74947
client/test-results/.playwright-artifacts-29/traces/resources/page@3ee38b29a8c5d02f83e962b3a6ef145e-1755506204922.jpeg.rehydrated	OK	61eb7fc0067b317e4c49e8be49ddf376def44519^	74936
client/test-results/.playwright-artifacts-29/traces/resources/page@3ee38b29a8c5d02f83e962b3a6ef145e-1755506205759.jpeg.rehydrated	OK	61eb7fc0067b317e4c49e8be49ddf376def44519^	74947
client/test-results/.playwright-artifacts-29/traces/resources/page@3ee38b29a8c5d02f83e962b3a6ef145e-1755506206754.jpeg.rehydrated	OK	61eb7fc0067b317e4c49e8be49ddf376def44519^	74936
client/test-results/.playwright-artifacts-30/0e0203d50b07b7c59bf352105a60633b.webm.rehydrated	OK	61eb7fc0067b317e4c49e8be49ddf376def44519^	243760
client/test-results/golden-path-ci-gate-Golden-4ccc8-ith-monitoring-health-check-chromium-retry1/error-context.md.rehydrated	OK	b9ff8a94ddd34a82565e6c966ff22b5d7f2b6107	1627
client/test-results/golden-path-ci-gate-Golden-4ccc8-ith-monitoring-health-check-chromium-retry1/test-failed-1.png.rehydrated	OK	61eb7fc0067b317e4c49e8be49ddf376def44519^	131
client/test-results/golden-path-ci-gate-Golden-4ccc8-ith-monitoring-health-check-chromium-retry1/video.webm.rehydrated	OK	61eb7fc0067b317e4c49e8be49ddf376def44519^	86022
client/test-results/golden-path-ci-gate-Golden-4ccc8-ith-monitoring-health-check-chromium/error-context.md.rehydrated	OK	b9ff8a94ddd34a82565e6c966ff22b5d7f2b6107	1473
client/test-results/golden-path-ci-gate-Golden-4ccc8-ith-monitoring-health-check-chromium/test-failed-1.png.rehydrated	OK	61eb7fc0067b317e4c49e8be49ddf376def44519^	131
client/test-results/golden-path-ci-gate-Golden-4ccc8-ith-monitoring-health-check-chromium/video.webm.rehydrated	OK	61eb7fc0067b317e4c49e8be49ddf376def44519^	69917
client/test-results/golden-path-ci-gate-Golden-4ccc8-ith-monitoring-health-check-firefox-retry1/error-context.md.rehydrated	OK	b9ff8a94ddd34a82565e6c966ff22b5d7f2b6107	1627
client/test-results/golden-path-ci-gate-Golden-4ccc8-ith-monitoring-health-check-firefox-retry1/test-failed-1.png.rehydrated	OK	61eb7fc0067b317e4c49e8be49ddf376def44519^	131
client/test-results/golden-path-ci-gate-Golden-4ccc8-ith-monitoring-health-check-firefox-retry1/video.webm.rehydrated	OK	61eb7fc0067b317e4c49e8be49ddf376def44519^	52634
client/test-results/golden-path-ci-gate-Golden-4ccc8-ith-monitoring-health-check-firefox/error-context.md.rehydrated	OK	b9ff8a94ddd34a82565e6c966ff22b5d7f2b6107	1627
client/test-results/golden-path-ci-gate-Golden-4ccc8-ith-monitoring-health-check-firefox/test-failed-1.png.rehydrated	OK	61eb7fc0067b317e4c49e8be49ddf376def44519^	131
client/test-results/golden-path-ci-gate-Golden-4ccc8-ith-monitoring-health-check-firefox/video.webm.rehydrated	OK	61eb7fc0067b317e4c49e8be49ddf376def44519^	79415
client/test-results/golden-path-ci-gate-Golden-4ccc8-ith-monitoring-health-check-webkit-retry1/error-context.md.rehydrated	OK	b9ff8a94ddd34a82565e6c966ff22b5d7f2b6107	1627
client/test-results/golden-path-ci-gate-Golden-4ccc8-ith-monitoring-health-check-webkit-retry1/test-failed-1.png.rehydrated	OK	61eb7fc0067b317e4c49e8be49ddf376def44519^	131
client/test-results/golden-path-ci-gate-Golden-4ccc8-ith-monitoring-health-check-webkit-retry1/video.webm.rehydrated	OK	61eb7fc0067b317e4c49e8be49ddf376def44519^	42300
client/test-results/golden-path-ci-gate-Golden-4ccc8-ith-monitoring-health-check-webkit/error-context.md.rehydrated	OK	b9ff8a94ddd34a82565e6c966ff22b5d7f2b6107	1627
client/test-results/golden-path-ci-gate-Golden-4ccc8-ith-monitoring-health-check-webkit/test-failed-1.png.rehydrated	OK	61eb7fc0067b317e4c49e8be49ddf376def44519^	131
client/test-results/golden-path-ci-gate-Golden-4ccc8-ith-monitoring-health-check-webkit/video.webm.rehydrated	OK	61eb7fc0067b317e4c49e8be49ddf376def44519^	67248
client/test-results/golden-path-Golden-Path----0c1ba-h-handles-errors-gracefully-chromium-retry1/error-context.md.rehydrated	OK	b9ff8a94ddd34a82565e6c966ff22b5d7f2b6107	1627
client/test-results/golden-path-Golden-Path----0c1ba-h-handles-errors-gracefully-chromium-retry1/test-failed-1.png.rehydrated	OK	e7f743b8a08320921fa16e78e4a7b9aed08b9518^	131
client/test-results/golden-path-Golden-Path----0c1ba-h-handles-errors-gracefully-chromium-retry1/video.webm.rehydrated	OK	61eb7fc0067b317e4c49e8be49ddf376def44519^	372260
client/test-results/golden-path-Golden-Path----0c1ba-h-handles-errors-gracefully-chromium/error-context.md.rehydrated	OK	b9ff8a94ddd34a82565e6c966ff22b5d7f2b6107	1627
client/test-results/golden-path-Golden-Path----0c1ba-h-handles-errors-gracefully-chromium/test-failed-1.png.rehydrated	OK	61eb7fc0067b317e4c49e8be49ddf376def44519^	131
client/test-results/golden-path-Golden-Path----0c1ba-h-handles-errors-gracefully-chromium/video.webm.rehydrated	OK	61eb7fc0067b317e4c49e8be49ddf376def44519^	339341
client/test-results/golden-path-Golden-Path----0c1ba-h-handles-errors-gracefully-firefox-retry1/error-context.md.rehydrated	OK	b9ff8a94ddd34a82565e6c966ff22b5d7f2b6107	1627
client/test-results/golden-path-Golden-Path----0c1ba-h-handles-errors-gracefully-firefox-retry1/test-failed-1.png.rehydrated	OK	61eb7fc0067b317e4c49e8be49ddf376def44519^	131
client/test-results/golden-path-Golden-Path----0c1ba-h-handles-errors-gracefully-firefox-retry1/video.webm.rehydrated	OK	61eb7fc0067b317e4c49e8be49ddf376def44519^	801125
client/test-results/golden-path-Golden-Path----0c1ba-h-handles-errors-gracefully-firefox/error-context.md.rehydrated	OK	b9ff8a94ddd34a82565e6c966ff22b5d7f2b6107	1627
client/test-results/golden-path-Golden-Path----0c1ba-h-handles-errors-gracefully-firefox/test-failed-1.png.rehydrated	OK	61eb7fc0067b317e4c49e8be49ddf376def44519^	131
client/test-results/golden-path-Golden-Path----0c1ba-h-handles-errors-gracefully-firefox/video.webm.rehydrated	OK	61eb7fc0067b317e4c49e8be49ddf376def44519^	762082
client/test-results/golden-path-Golden-Path----41aa8-ow-with-explainable-results-chromium-retry1/error-context.md.rehydrated	OK	b9ff8a94ddd34a82565e6c966ff22b5d7f2b6107	1627
client/test-results/golden-path-Golden-Path----41aa8-ow-with-explainable-results-chromium-retry1/test-failed-1.png.rehydrated	OK	61eb7fc0067b317e4c49e8be49ddf376def44519^	131
client/test-results/golden-path-Golden-Path----41aa8-ow-with-explainable-results-chromium-retry1/video.webm.rehydrated	OK	61eb7fc0067b317e4c49e8be49ddf376def44519^	376181
client/test-results/golden-path-Golden-Path----41aa8-ow-with-explainable-results-chromium/error-context.md.rehydrated	OK	b9ff8a94ddd34a82565e6c966ff22b5d7f2b6107	1627
client/test-results/golden-path-Golden-Path----41aa8-ow-with-explainable-results-chromium/test-failed-1.png.rehydrated	OK	61eb7fc0067b317e4c49e8be49ddf376def44519^	131
client/test-results/golden-path-Golden-Path----41aa8-ow-with-explainable-results-chromium/video.webm.rehydrated	OK	61eb7fc0067b317e4c49e8be49ddf376def44519^	339341
client/test-results/golden-path-Golden-Path----41aa8-ow-with-explainable-results-firefox-retry1/error-context.md.rehydrated	OK	b9ff8a94ddd34a82565e6c966ff22b5d7f2b6107	1627
client/test-results/golden-path-Golden-Path----41aa8-ow-with-explainable-results-firefox-retry1/test-failed-1.png.rehydrated	OK	61eb7fc0067b317e4c49e8be49ddf376def44519^	131
client/test-results/golden-path-Golden-Path----41aa8-ow-with-explainable-results-firefox-retry1/video.webm.rehydrated	OK	61eb7fc0067b317e4c49e8be49ddf376def44519^	851359
client/test-results/golden-path-Golden-Path----41aa8-ow-with-explainable-results-firefox/error-context.md.rehydrated	OK	b9ff8a94ddd34a82565e6c966ff22b5d7f2b6107	1627
client/test-results/golden-path-Golden-Path----41aa8-ow-with-explainable-results-firefox/test-failed-1.png.rehydrated	OK	61eb7fc0067b317e4c49e8be49ddf376def44519^	131
client/test-results/golden-path-Golden-Path----41aa8-ow-with-explainable-results-firefox/video.webm.rehydrated	OK	61eb7fc0067b317e4c49e8be49ddf376def44519^	896734
client/test-results/golden-path-Golden-Path----41aa8-ow-with-explainable-results-webkit/error-context.md.rehydrated	OK	b9ff8a94ddd34a82565e6c966ff22b5d7f2b6107	1627
client/test-results/golden-path-Golden-Path----41aa8-ow-with-explainable-results-webkit/test-failed-1.png.rehydrated	OK	61eb7fc0067b317e4c49e8be49ddf376def44519^	131
client/test-results/golden-path-Golden-Path----41aa8-ow-with-explainable-results-webkit/video.webm.rehydrated	OK	61eb7fc0067b317e4c49e8be49ddf376def44519^	280000
client/test-results/golden-path-Golden-Path----442e9-path-performance-benchmarks-chromium-retry1/error-context.md.rehydrated	OK	b9ff8a94ddd34a82565e6c966ff22b5d7f2b6107	1627
client/test-results/golden-path-Golden-Path----442e9-path-performance-benchmarks-chromium-retry1/test-failed-1.png.rehydrated	OK	61eb7fc0067b317e4c49e8be49ddf376def44519^	131
client/test-results/golden-path-Golden-Path----442e9-path-performance-benchmarks-chromium-retry1/video.webm.rehydrated	OK	61eb7fc0067b317e4c49e8be49ddf376def44519^	333268
client/test-results/golden-path-Golden-Path----442e9-path-performance-benchmarks-chromium/error-context.md.rehydrated	OK	b9ff8a94ddd34a82565e6c966ff22b5d7f2b6107	1473
client/test-results/golden-path-Golden-Path----442e9-path-performance-benchmarks-chromium/test-failed-1.png.rehydrated	OK	61eb7fc0067b317e4c49e8be49ddf376def44519^	131
client/test-results/golden-path-Golden-Path----442e9-path-performance-benchmarks-chromium/video.webm.rehydrated	OK	61eb7fc0067b317e4c49e8be49ddf376def44519^	333840
client/test-results/golden-path-Golden-Path----442e9-path-performance-benchmarks-firefox-retry1/error-context.md.rehydrated	OK	b9ff8a94ddd34a82565e6c966ff22b5d7f2b6107	1627
client/test-results/golden-path-Golden-Path----442e9-path-performance-benchmarks-firefox-retry1/test-failed-1.png.rehydrated	OK	61eb7fc0067b317e4c49e8be49ddf376def44519^	131
client/test-results/golden-path-Golden-Path----442e9-path-performance-benchmarks-firefox-retry1/video.webm.rehydrated	OK	61eb7fc0067b317e4c49e8be49ddf376def44519^	767332
client/test-results/golden-path-Golden-Path----442e9-path-performance-benchmarks-firefox/error-context.md.rehydrated	OK	b9ff8a94ddd34a82565e6c966ff22b5d7f2b6107	1627
client/test-results/golden-path-Golden-Path----442e9-path-performance-benchmarks-firefox/test-failed-1.png.rehydrated	OK	61eb7fc0067b317e4c49e8be49ddf376def44519^	131
client/test-results/golden-path-Golden-Path----442e9-path-performance-benchmarks-firefox/video.webm.rehydrated	OK	61eb7fc0067b317e4c49e8be49ddf376def44519^	806157
client/test-results/golden-path-Golden-Path----f63be-rks-with-graph-interactions-chromium-retry1/error-context.md.rehydrated	OK	b9ff8a94ddd34a82565e6c966ff22b5d7f2b6107	1627
client/test-results/golden-path-Golden-Path----f63be-rks-with-graph-interactions-chromium-retry1/test-failed-1.png.rehydrated	OK	61eb7fc0067b317e4c49e8be49ddf376def44519^	131
client/test-results/golden-path-Golden-Path----f63be-rks-with-graph-interactions-chromium-retry1/video.webm.rehydrated	OK	61eb7fc0067b317e4c49e8be49ddf376def44519^	366332
client/test-results/golden-path-Golden-Path----f63be-rks-with-graph-interactions-chromium/error-context.md.rehydrated	OK	b9ff8a94ddd34a82565e6c966ff22b5d7f2b6107	1627
client/test-results/golden-path-Golden-Path----f63be-rks-with-graph-interactions-chromium/test-failed-1.png.rehydrated	OK	61eb7fc0067b317e4c49e8be49ddf376def44519^	131
client/test-results/golden-path-Golden-Path----f63be-rks-with-graph-interactions-chromium/video.webm.rehydrated	OK	61eb7fc0067b317e4c49e8be49ddf376def44519^	339277
client/test-results/golden-path-Golden-Path----f63be-rks-with-graph-interactions-firefox-retry1/error-context.md.rehydrated	OK	b9ff8a94ddd34a82565e6c966ff22b5d7f2b6107	1627
client/test-results/golden-path-Golden-Path----f63be-rks-with-graph-interactions-firefox-retry1/test-failed-1.png.rehydrated	OK	61eb7fc0067b317e4c49e8be49ddf376def44519^	131
client/test-results/golden-path-Golden-Path----f63be-rks-with-graph-interactions-firefox-retry1/video.webm.rehydrated	OK	61eb7fc0067b317e4c49e8be49ddf376def44519^	811934
client/test-results/golden-path-Golden-Path----f63be-rks-with-graph-interactions-firefox/error-context.md.rehydrated	OK	b9ff8a94ddd34a82565e6c966ff22b5d7f2b6107	1627
client/test-results/golden-path-Golden-Path----f63be-rks-with-graph-interactions-firefox/test-failed-1.png.rehydrated	OK	61eb7fc0067b317e4c49e8be49ddf376def44519^	131
client/test-results/golden-path-Golden-Path----f63be-rks-with-graph-interactions-firefox/video.webm.rehydrated	OK	61eb7fc0067b317e4c49e8be49ddf376def44519^	291500
client/test-results/golden-path-Golden-Path----f63be-rks-with-graph-interactions-webkit/error-context.md.rehydrated	OK	b9ff8a94ddd34a82565e6c966ff22b5d7f2b6107	1627
client/test-results/golden-path-Golden-Path----f63be-rks-with-graph-interactions-webkit/test-failed-1.png.rehydrated	OK	61eb7fc0067b317e4c49e8be49ddf376def44519^	131
client/test-results/golden-path-Golden-Path----f63be-rks-with-graph-interactions-webkit/video.webm.rehydrated	OK	61eb7fc0067b317e4c49e8be49ddf376def44519^	283732
client/test-results/golden-path-Golden-Path-Da-a9f9b-emo-data-is-properly-seeded-chromium-retry1/error-context.md.rehydrated	OK	b9ff8a94ddd34a82565e6c966ff22b5d7f2b6107	1627
client/test-results/golden-path-Golden-Path-Da-a9f9b-emo-data-is-properly-seeded-chromium-retry1/test-failed-1.png.rehydrated	OK	61eb7fc0067b317e4c49e8be49ddf376def44519^	131
client/test-results/golden-path-Golden-Path-Da-a9f9b-emo-data-is-properly-seeded-chromium-retry1/video.webm.rehydrated	OK	61eb7fc0067b317e4c49e8be49ddf376def44519^	328164
client/test-results/golden-path-Golden-Path-Da-a9f9b-emo-data-is-properly-seeded-chromium/error-context.md.rehydrated	OK	b9ff8a94ddd34a82565e6c966ff22b5d7f2b6107	1627
client/test-results/golden-path-Golden-Path-Da-a9f9b-emo-data-is-properly-seeded-chromium/test-failed-1.png.rehydrated	OK	61eb7fc0067b317e4c49e8be49ddf376def44519^	131
client/test-results/golden-path-Golden-Path-Da-a9f9b-emo-data-is-properly-seeded-chromium/video.webm.rehydrated	OK	61eb7fc0067b317e4c49e8be49ddf376def44519^	313807
client/test-results/golden-path-Golden-Path-Da-a9f9b-emo-data-is-properly-seeded-firefox/error-context.md.rehydrated	OK	b9ff8a94ddd34a82565e6c966ff22b5d7f2b6107	1627
client/test-results/golden-path-Golden-Path-Da-a9f9b-emo-data-is-properly-seeded-firefox/test-failed-1.png.rehydrated	OK	61eb7fc0067b317e4c49e8be49ddf376def44519^	131
client/test-results/golden-path-Golden-Path-Da-a9f9b-emo-data-is-properly-seeded-firefox/video.webm.rehydrated	OK	61eb7fc0067b317e4c49e8be49ddf376def44519^	776263
client/test-results/junit.xml.rehydrated	OK	cfde890210dbe2df5ff4508b4bcf42fe5ca29f06	130
CODEOWNERS.rehydrated	OK	531806e5de1e9c912de28985317db6146845398b	723
commit_message.txt	OK	12cf32145911e8ccd3b95aab4dde36f30d1d7c6c^	445
commitlint.config.js.rehydrated	OK	1ae12b0b6ca753d3c47cf787e4ee80ae264b1378	66
conductor-ui/backend/package-lock.json	OK	81d149e3e63fc2efe521af9315351ab47445a18f^	103046
conductor-ui/frontend/package-lock.json.rehydrated	OK	d3b592260355e27288c24866696022e4f78dbcc0	275887
conductor-ui/package-lock.json	OK	81d149e3e63fc2efe521af9315351ab47445a18f^	806806
contracts/package-lock.json	OK	81d149e3e63fc2efe521af9315351ab47445a18f^	50849
copilot/app.py.rehydrated	OK	81b5b74d27f12bf85360998a1bce9854a71c566f	24257
copilot/Dockerfile.rehydrated	OK	e7f743b8a08320921fa16e78e4a7b9aed08b9518^	2372
copilot/requirements.txt.rehydrated	OK	acd22b6e0dd09efd4cde5d62746a9bb763c018bb	1009
data/sanitized/README.md.rehydrated	OK	e7f743b8a08320921fa16e78e4a7b9aed08b9518^	80
data/sanitized/sample.json.rehydrated	OK	e7f743b8a08320921fa16e78e4a7b9aed08b9518^	40
DeepSeek-VL	FAILED	a93413f75d88b88db2f8ba456de58b6fdf997ef9	
docker-compose.yml.rehydrated	OK	9484fbcd12293dd9c52ddc172b31b874100a6fb4	515
docs/compliance/dsar-ga-drill.md.rehydrated	OK	e7f743b8a08320921fa16e78e4a7b9aed08b9518^	100
docs/demos/ga-guided-tour.md.rehydrated	OK	e7f743b8a08320921fa16e78e4a7b9aed08b9518^	206
docs/deployment/ga-upgrade.md.rehydrated	OK	e7f743b8a08320921fa16e78e4a7b9aed08b9518^	115
docs/flags.md.rehydrated	OK	81b5b74d27f12bf85360998a1bce9854a71c566f	195
docs/install/upgrade-0x-to-1x.md.rehydrated	OK	e7f743b8a08320921fa16e78e4a7b9aed08b9518^	194
docs/launch_playbook.md	OK	5329b5f387a26509b0675f573f37fcd4b6e4da0e^	8371
docs/observability/dashboard.json.rehydrated	OK	e7f743b8a08320921fa16e78e4a7b9aed08b9518^	445
docs/releases/RELEASE_NOTES_1.0.0.md.rehydrated	OK	e7f743b8a08320921fa16e78e4a7b9aed08b9518^	319
docs/rfcs/FE-01-frontend-consolidation.md.rehydrated	OK	b9ff8a94ddd34a82565e6c966ff22b5d7f2b6107	5237
docs/runbooks/ga-cut-checklist.md.rehydrated	OK	e7f743b8a08320921fa16e78e4a7b9aed08b9518^	333
docs/runbooks/support-l1.md.rehydrated	OK	e7f743b8a08320921fa16e78e4a7b9aed08b9518^	97
docs/runbooks/support-l2.md.rehydrated	OK	e7f743b8a08320921fa16e78e4a7b9aed08b9518^	107
docs/runbooks/support-l3.md.rehydrated	OK	e7f743b8a08320921fa16e78e4a7b9aed08b9518^	93
docs/security/signing-and-provenance.md.rehydrated	OK	e7f743b8a08320921fa16e78e4a7b9aed08b9518^	417
docs/security/soc2-type1-controls.md.rehydrated	OK	e7f743b8a08320921fa16e78e4a7b9aed08b9518^	464
ER_PRECISION_OPTIMIZATION_SUMMARY.md	OK	5329b5f387a26509b0675f573f37fcd4b6e4da0e^	7027
eslint.config.mjs.rehydrated	OK	00369fffbb5eb0ea2e669e943acd880ed1d07fd5	772
evidence-20250903-094320/backup-verification.txt	OK	1a92f621cf48ae405c4711d633912713891d331c^	945
evidence-20250903-094320/canary-analysis.txt	OK	1a92f621cf48ae405c4711d633912713891d331c^	532
evidence-20250903-094320/circuit-breaker-test.txt	OK	1a92f621cf48ae405c4711d633912713891d331c^	872
evidence-20250903-094320/cosign-verify.json	OK	1a92f621cf48ae405c4711d633912713891d331c^	560
evidence-20250903-094320/database-flap-test.txt	OK	1a92f621cf48ae405c4711d633912713891d331c^	912
evidence-20250903-094320/docker-compose-config.txt	OK	1a92f621cf48ae405c4711d633912713891d331c^	40
evidence-20250903-094320/EVIDENCE_REPORT.md	OK	1a92f621cf48ae405c4711d633912713891d331c^	2524
evidence-20250903-094320/gatekeeper-deny-test.txt	OK	1a92f621cf48ae405c4711d633912713891d331c^	32
evidence-20250903-094320/image-digest.txt	OK	1a92f621cf48ae405c4711d633912713891d331c^	125
evidence-20250903-094320/pagerduty-incident.txt	OK	1a92f621cf48ae405c4711d633912713891d331c^	875
evidence-20250903-094320/pitr-test.txt	OK	1a92f621cf48ae405c4711d633912713891d331c^	1008
evidence-20250903-094320/production-sequence.txt	OK	1a92f621cf48ae405c4711d633912713891d331c^	909
evidence-20250903-094320/rollout-status.txt	OK	1a92f621cf48ae405c4711d633912713891d331c^	2126
evidence-20250903-094320/slo-dashboard-check.txt	OK	1a92f621cf48ae405c4711d633912713891d331c^	282
evidence-20250903-094320/staging-sequence.txt	OK	1a92f621cf48ae405c4711d633912713891d331c^	1065
evidence-20250903-094320/unpinned-images.txt	OK	1a92f621cf48ae405c4711d633912713891d331c^	24901
evidence-20250903-094320/validation-report.txt	OK	1a92f621cf48ae405c4711d633912713891d331c^	318
GA_CORE_IMPLEMENTATION_COMPLETE.md	OK	5329b5f387a26509b0675f573f37fcd4b6e4da0e^	8033
GA-Plan.md.rehydrated	OK	b9ff8a94ddd34a82565e6c966ff22b5d7f2b6107	7823
gateway/package-lock.json	OK	81d149e3e63fc2efe521af9315351ab47445a18f^	341012
grok-1	FAILED	a93413f75d88b88db2f8ba456de58b6fdf997ef9	
helm/intelgraph/values-ga.yaml.rehydrated	OK	b9ff8a94ddd34a82565e6c966ff22b5d7f2b6107	140
infra/helm/intelgraph/charts/neo4j-5.12.0.tgz	OK	d12034577a6297ed52af5ecdc8b64417c5566929	42000
intelgraph-docs-bundle/.github/ISSUE_TEMPLATE/bug_report.md	OK	c8b891dd385989fb2fd0ab64a0bbb727108774df^	122
intelgraph-docs-bundle/.github/ISSUE_TEMPLATE/epic.yml	OK	c8b891dd385989fb2fd0ab64a0bbb727108774df^	388
intelgraph-docs-bundle/.github/ISSUE_TEMPLATE/feature_request.md	OK	c8b891dd385989fb2fd0ab64a0bbb727108774df^	125
intelgraph-docs-bundle/.github/pull_request_template.md	OK	c8b891dd385989fb2fd0ab64a0bbb727108774df^	63
intelgraph-docs-bundle/.github/workflows/ci.yml	OK	c8b891dd385989fb2fd0ab64a0bbb727108774df^	633
intelgraph-docs-bundle/.markdownlint.json	OK	c8b891dd385989fb2fd0ab64a0bbb727108774df^	38
intelgraph-docs-bundle/CHANGELOG.md	OK	c8b891dd385989fb2fd0ab64a0bbb727108774df^	412
intelgraph-docs-bundle/commitlint.config.js	OK	c8b891dd385989fb2fd0ab64a0bbb727108774df^	65
intelgraph-docs-bundle/docs/generated/API.md	OK	c8b891dd385989fb2fd0ab64a0bbb727108774df^	351
intelgraph-docs-bundle/docs/generated/ARCHITECTURE.md	OK	c8b891dd385989fb2fd0ab64a0bbb727108774df^	439
intelgraph-docs-bundle/docs/generated/COMPETITIVE_STRATEGY.md	OK	c8b891dd385989fb2fd0ab64a0bbb727108774df^	1572
intelgraph-docs-bundle/docs/generated/CONTRIBUTING.md	OK	c8b891dd385989fb2fd0ab64a0bbb727108774df^	230
intelgraph-docs-bundle/docs/generated/PROJECT_PLAN.md	OK	c8b891dd385989fb2fd0ab64a0bbb727108774df^	1068
intelgraph-docs-bundle/docs/generated/ROADMAP.md	OK	c8b891dd385989fb2fd0ab64a0bbb727108774df^	633
intelgraph-docs-bundle/docs/generated/SECURITY.md	OK	c8b891dd385989fb2fd0ab64a0bbb727108774df^	196
intelgraph-docs-bundle/issues/backlog.csv	OK	c8b891dd385989fb2fd0ab64a0bbb727108774df^	2142
intelgraph-docs-bundle/issues/competitor_feature_coverage.csv	OK	c8b891dd385989fb2fd0ab64a0bbb727108774df^	3904
intelgraph-docs-bundle/migrations/neo4j/2025-08-13_constraints.cypher	OK	c8b891dd385989fb2fd0ab64a0bbb727108774df^	77
intelgraph-docs-bundle/migrations/postgres/2025-08-13_initial.sql	OK	c8b891dd385989fb2fd0ab64a0bbb727108774df^	206
intelgraph-docs-bundle/README.md	OK	c8b891dd385989fb2fd0ab64a0bbb727108774df^	1695
intelgraph-docs-bundle/seeds/neo4j/sample_graph.cypher	OK	c8b891dd385989fb2fd0ab64a0bbb727108774df^	50
intelgraph-docs-bundle/seeds/postgres/00_enable_extensions.sql	OK	c8b891dd385989fb2fd0ab64a0bbb727108774df^	40
intelgraph-docs-bundle/seeds/postgres/20_sample_data.sql	OK	c8b891dd385989fb2fd0ab64a0bbb727108774df^	95
intelgraph-docs-bundle/tools/apply_docs_package.sh	OK	c8b891dd385989fb2fd0ab64a0bbb727108774df^	985
intelgraph-docs-bundle/tools/bulk_update_issues.py	OK	c8b891dd385989fb2fd0ab64a0bbb727108774df^	1838
intelgraph-docs-bundle/tools/push_via_api.py	OK	c8b891dd385989fb2fd0ab64a0bbb727108774df^	2902
intelgraph-docs-bundle/UPLOAD_TO_GITHUB.md	OK	c8b891dd385989fb2fd0ab64a0bbb727108774df^	462
intelgraph/.env.example	OK	8861635406b6c275b06b4c08619e58018caa64ca^	1320
intelgraph/.gitignore	OK	8861635406b6c275b06b4c08619e58018caa64ca^	1215
intelgraph/client/Dockerfile.dev	OK	8861635406b6c275b06b4c08619e58018caa64ca^	223
intelgraph/client/index.html	OK	8861635406b6c275b06b4c08619e58018caa64ca^	491
intelgraph/client/package-lock.json	OK	8861635406b6c275b06b4c08619e58018caa64ca^	279315
intelgraph/client/package.json	OK	8861635406b6c275b06b4c08619e58018caa64ca^	1647
intelgraph/client/src/main.jsx	OK	8861635406b6c275b06b4c08619e58018caa64ca^	36419
intelgraph/client/vite.config.js	OK	8861635406b6c275b06b4c08619e58018caa64ca^	753
intelgraph/docker-compose.dev.yml	OK	8861635406b6c275b06b4c08619e58018caa64ca^	2689
intelgraph/LICENSE	OK	8861635406b6c275b06b4c08619e58018caa64ca^	1076
intelgraph/package-lock.json	OK	8861635406b6c275b06b4c08619e58018caa64ca^	42812
intelgraph/package.json	OK	8861635406b6c275b06b4c08619e58018caa64ca^	2223
intelgraph/README.md	OK	8861635406b6c275b06b4c08619e58018caa64ca^	6073
intelgraph/scripts/cleanup-repository.sh	OK	8861635406b6c275b06b4c08619e58018caa64ca^	2620
intelgraph/scripts/setup.sh	OK	8861635406b6c275b06b4c08619e58018caa64ca^	4873
intelgraph/server/Dockerfile.dev	OK	8861635406b6c275b06b4c08619e58018caa64ca^	353
intelgraph/server/package-lock.json	OK	8861635406b6c275b06b4c08619e58018caa64ca^	326770
intelgraph/server/package.json	OK	8861635406b6c275b06b4c08619e58018caa64ca^	1410
intelgraph/server/server.js	OK	8861635406b6c275b06b4c08619e58018caa64ca^	4774
intelgraph/server/src/config/database.js	OK	8861635406b6c275b06b4c08619e58018caa64ca^	38262
intelgraph/server/src/services/AuthService.js	OK	8861635406b6c275b06b4c08619e58018caa64ca^	35647
jest.config.cjs	OK	4aefe2cf9f6a3a5d7b833e4671362beb05e38eed^	1069
kubectl.sha256.rehydrated	OK	81b5b74d27f12bf85360998a1bce9854a71c566f	64
logs/ask_with_pack.jsonl	OK	921a2e0dbaf2efe117303580d3d4fe8b7a9f923a^	5407
logs/fed/loopback.jsonl	OK	921a2e0dbaf2efe117303580d3d4fe8b7a9f923a^	243
logs/governance.jsonl	OK	921a2e0dbaf2efe117303580d3d4fe8b7a9f923a^	138
migrations/neo4j/001_initial_schema.cypher.rehydrated	OK	e7f743b8a08320921fa16e78e4a7b9aed08b9518^	3579
migrations/postgres/001_initial_schema.sql.rehydrated	OK	e7f743b8a08320921fa16e78e4a7b9aed08b9518^	12441
ml/app/__pycache__/models.cpython-313.pyc.rehydrated	OK	81b5b74d27f12bf85360998a1bce9854a71c566f	17184
ml/app/monitoring/__pycache__/__init__.cpython-313.pyc.rehydrated	OK	81b5b74d27f12bf85360998a1bce9854a71c566f	1214
ml/app/monitoring/__pycache__/metrics.cpython-313.pyc.rehydrated	OK	81b5b74d27f12bf85360998a1bce9854a71c566f	9887
ml/app/quantum/__pycache__/__init__.cpython-313.pyc.rehydrated	OK	81b5b74d27f12bf85360998a1bce9854a71c566f	168
ml/app/quantum/__pycache__/quantum_ml.cpython-313.pyc.rehydrated	OK	81b5b74d27f12bf85360998a1bce9854a71c566f	22754
ml/app/training/__pycache__/__init__.cpython-313.pyc.rehydrated	OK	81b5b74d27f12bf85360998a1bce9854a71c566f	169
ml/app/training/__pycache__/distributed_trainer.cpython-313.pyc.rehydrated	OK	81b5b74d27f12bf85360998a1bce9854a71c566f	27383
ml/clustering-match.py	OK	5329b5f387a26509b0675f573f37fcd4b6e4da0e^	8274
ml/test_feedback.json	OK	5329b5f387a26509b0675f573f37fcd4b6e4da0e^	921
ml/test_precision_validation.py	OK	5329b5f387a26509b0675f573f37fcd4b6e4da0e^	10286
ml/test_training_data.json	OK	5329b5f387a26509b0675f573f37fcd4b6e4da0e^	3515
ml/tests/__pycache__/test_api.cpython-313-pytest-8.4.1.pyc.rehydrated	OK	81b5b74d27f12bf85360998a1bce9854a71c566f	23100
ml/tests/__pycache__/test_gnn.cpython-313-pytest-8.4.1.pyc.rehydrated	OK	81b5b74d27f12bf85360998a1bce9854a71c566f	80186
ml/tests/__pycache__/test_health.cpython-313-pytest-8.4.1.pyc.rehydrated	OK	81b5b74d27f12bf85360998a1bce9854a71c566f	1182
ml/tests/__pycache__/test_models.cpython-313-pytest-8.4.1.pyc.rehydrated	OK	81b5b74d27f12bf85360998a1bce9854a71c566f	53034
ml/tests/__pycache__/test_monitoring.cpython-313-pytest-8.4.1.pyc.rehydrated	OK	81b5b74d27f12bf85360998a1bce9854a71c566f	60412
ml/tests/__pycache__/test_tasks.cpython-313-pytest-8.4.1.pyc.rehydrated	OK	81b5b74d27f12bf85360998a1bce9854a71c566f	40962
ml/tests/integration/__pycache__/test_api_endpoints.cpython-313-pytest-8.4.1.pyc.rehydrated	OK	81b5b74d27f12bf85360998a1bce9854a71c566f	7654
ml/tests/unit/__pycache__/test_gnn_models.cpython-313-pytest-8.4.1.pyc.rehydrated	OK	81b5b74d27f12bf85360998a1bce9854a71c566f	10574
monitoring/dashboards/ga-core-go-no-go.json	OK	5329b5f387a26509b0675f573f37fcd4b6e4da0e^	13222
monitoring/dashboards/ga-slo.json.rehydrated	OK	e7f743b8a08320921fa16e78e4a7b9aed08b9518^	131
MVP1_EXECUTION_PROMPT.md.rehydrated	OK	b9ff8a94ddd34a82565e6c966ff22b5d7f2b6107	22804
operator-kit/package-lock.json	OK	81d149e3e63fc2efe521af9315351ab47445a18f^	104173
package-lock.json	OK	81d149e3e63fc2efe521af9315351ab47445a18f	2049159
packages/contracts/src/graphql.ts.rehydrated	OK	b9ff8a94ddd34a82565e6c966ff22b5d7f2b6107	661
packages/contracts/src/index.ts.rehydrated	OK	b9ff8a94ddd34a82565e6c966ff22b5d7f2b6107	55
packages/contracts/src/realtime.ts.rehydrated	OK	b9ff8a94ddd34a82565e6c966ff22b5d7f2b6107	1055
pnpm-lock.yaml.rehydrated	OK	b3c1e13217f44e6eeef175cccd8933f8b8acfdad	1073526
postgres_schema.sql.rehydrated	OK	e7f743b8a08320921fa16e78e4a7b9aed08b9518^	1297
project_management/sprint12_issues.csv.rehydrated	OK	e7f743b8a08320921fa16e78e4a7b9aed08b9518^	352
python/intelgraph_py.egg-info/dependency_links.txt.rehydrated	OK	ef69d551597c8029bed6d0c3cd528769919176e9	1
python/intelgraph_py.egg-info/PKG-INFO.rehydrated	OK	61498e5fa0ba1c7984d9c5e52c96513275886cd9	1099
python/intelgraph_py.egg-info/requires.txt.rehydrated	OK	61498e5fa0ba1c7984d9c5e52c96513275886cd9	266
python/intelgraph_py.egg-info/SOURCES.txt.rehydrated	OK	61498e5fa0ba1c7984d9c5e52c96513275886cd9	496
python/intelgraph_py.egg-info/top_level.txt.rehydrated	OK	ef69d551597c8029bed6d0c3cd528769919176e9	14
python/intelgraph_py/__pycache__/__init__.cpython-313.pyc.rehydrated	OK	81b5b74d27f12bf85360998a1bce9854a71c566f	240
python/intelgraph_py/__pycache__/cache.cpython-313.pyc.rehydrated	OK	81b5b74d27f12bf85360998a1bce9854a71c566f	2804
python/intelgraph_py/__pycache__/celery_app.cpython-313.pyc.rehydrated	OK	81b5b74d27f12bf85360998a1bce9854a71c566f	1340
python/intelgraph_py/__pycache__/database.cpython-313.pyc.rehydrated	OK	81b5b74d27f12bf85360998a1bce9854a71c566f	1090
python/intelgraph_py/__pycache__/graphql_schema.cpython-313.pyc.rehydrated	OK	81b5b74d27f12bf85360998a1bce9854a71c566f	6381
python/intelgraph_py/__pycache__/main.cpython-313.pyc.rehydrated	OK	81b5b74d27f12bf85360998a1bce9854a71c566f	9889
python/intelgraph_py/__pycache__/models.cpython-313.pyc.rehydrated	OK	81b5b74d27f12bf85360998a1bce9854a71c566f	5913
python/intelgraph_py/__pycache__/schemas.cpython-313.pyc.rehydrated	OK	81b5b74d27f12bf85360998a1bce9854a71c566f	4270
python/intelgraph_py/__pycache__/tasks.cpython-313.pyc.rehydrated	OK	81b5b74d27f12bf85360998a1bce9854a71c566f	6598
python/intelgraph_py/analytics/__pycache__/explainability_engine.cpython-313.pyc.rehydrated	OK	81b5b74d27f12bf85360998a1bce9854a71c566f	8861
python/intelgraph_py/connectors/social/__pycache__/listener.cpython-313.pyc.rehydrated	OK	81b5b74d27f12bf85360998a1bce9854a71c566f	9852
python/intelgraph_py/ml/__pycache__/__init__.cpython-313.pyc.rehydrated	OK	81b5b74d27f12bf85360998a1bce9854a71c566f	463
python/intelgraph_py/ml/__pycache__/pipeline.cpython-313.pyc.rehydrated	OK	81b5b74d27f12bf85360998a1bce9854a71c566f	6501
python/intelgraph_py/ml/lp/__pycache__/__init__.cpython-313.pyc.rehydrated	OK	81b5b74d27f12bf85360998a1bce9854a71c566f	180
python/intelgraph_py/ml/lp/__pycache__/build_dataset.cpython-313.pyc.rehydrated	OK	81b5b74d27f12bf85360998a1bce9854a71c566f	3191
python/intelgraph_py/provenance/__pycache__/fabric_client.cpython-313.pyc.rehydrated	OK	81b5b74d27f12bf85360998a1bce9854a71c566f	3809
python/intelgraph_py/storage/__pycache__/neo4j_store.cpython-313.pyc.rehydrated	OK	81b5b74d27f12bf85360998a1bce9854a71c566f	3105
python/tests/__pycache__/test_analytics_scheduler.cpython-313-pytest-8.4.1.pyc.rehydrated	OK	81b5b74d27f12bf85360998a1bce9854a71c566f	15307
rbac/__init__.py.rehydrated	OK	e7f743b8a08320921fa16e78e4a7b9aed08b9518^	0
rbac/dynamic_privilege_recommender.py.rehydrated	OK	81b5b74d27f12bf85360998a1bce9854a71c566f	971
rbac/rbac_drift_monitor.py.rehydrated	OK	81b5b74d27f12bf85360998a1bce9854a71c566f	1496
rbac/reports/.gitkeep.rehydrated	OK	e7f743b8a08320921fa16e78e4a7b9aed08b9518^	0
rbac/role_inference_engine.py.rehydrated	OK	81b5b74d27f12bf85360998a1bce9854a71c566f	8222
RELEASE_NOTES_1.0.0-RC1.md.rehydrated	OK	b9ff8a94ddd34a82565e6c966ff22b5d7f2b6107	6481
Report-1755078641779.zip	SKIP		
reports/merge-plan-20250820.csv	OK	5329b5f387a26509b0675f573f37fcd4b6e4da0e^	3194
reports/merge-plan-20250820.md	OK	5329b5f387a26509b0675f573f37fcd4b6e4da0e^	344
REPOSITORY-STRUCTURE.md.rehydrated	OK	b9ff8a94ddd34a82565e6c966ff22b5d7f2b6107	4826
RUNBOOK.md	OK	88b765ab9b09323fcee3449426e2ec983e5b74b5^	8070
scripts/.env.rehydrated	OK	81b5b74d27f12bf85360998a1bce9854a71c566f	32
scripts/batch-automerge.sh	OK	5329b5f387a26509b0675f573f37fcd4b6e4da0e^	5669
scripts/check-er-precision.js	OK	5329b5f387a26509b0675f573f37fcd4b6e4da0e^	9283
scripts/graphql/build_persisted_queries.ts.rehydrated	OK	b9ff8a94ddd34a82565e6c966ff22b5d7f2b6107	343
scripts/integration-train.sh	OK	5329b5f387a26509b0675f573f37fcd4b6e4da0e^	2707
scripts/jira/sprint12_issues.csv.rehydrated	OK	e7f743b8a08320921fa16e78e4a7b9aed08b9518^	352
scripts/migrate/preflight_cli.ts.rehydrated	OK	b9ff8a94ddd34a82565e6c966ff22b5d7f2b6107	345
scripts/open-orphan-prs.sh	OK	5329b5f387a26509b0675f573f37fcd4b6e4da0e^	1045
scripts/ops/cost_report.sh.rehydrated	OK	e7f743b8a08320921fa16e78e4a7b9aed08b9518^	134
scripts/README.md	OK	5329b5f387a26509b0675f573f37fcd4b6e4da0e^	6698
scripts/release/verify_install.sh.rehydrated	OK	81b5b74d27f12bf85360998a1bce9854a71c566f	2496
sdk/typescript/package-lock.json	OK	81d149e3e63fc2efe521af9315351ab47445a18f^	425674
server/.env.rehydrated	OK	292a04433ba22c587cc6f3ca002225bb8b0f6a66	1534
server/.env.production.rehydrated	OK	81b5b74d27f12bf85360998a1bce9854a71c566f	6832
server/.eslintrc.cjs.rehydrated	OK	b9ff8a94ddd34a82565e6c966ff22b5d7f2b6107	1095
server/.eslintrc.js	OK	d3cd7ed2ee7e755d6654e793b503420e51566764^	403
server/data-pipelines/tests/__pycache__/test_entity_mapper.cpython-313.pyc.rehydrated	OK	81b5b74d27f12bf85360998a1bce9854a71c566f	6902
server/data-pipelines/transformations/__pycache__/__init__.cpython-313.pyc.rehydrated	OK	81b5b74d27f12bf85360998a1bce9854a71c566f	412
server/data-pipelines/transformations/__pycache__/entity_mapper.cpython-313.pyc.rehydrated	OK	81b5b74d27f12bf85360998a1bce9854a71c566f	13296
server/db/migrations/postgres/2025-08-19_audit_tables.sql.rehydrated	OK	e7f743b8a08320921fa16e78e4a7b9aed08b9518^	3511
server/eslint.config.js.rehydrated	OK	25c38b92811825aa792e1f75b27fd2f66e54adeb	1456
server/jest.config.js.rehydrated	OK	25c38b92811825aa792e1f75b27fd2f66e54adeb	1987
server/jest.config.mjs	OK	292a04433ba22c587cc6f3ca002225bb8b0f6a66^	633
server/jest.config.ts.rehydrated	OK	f64758fc37ae4db4d5629f46025685a61bc1ef40	297
server/migrations/001_core_persistence.sql.rehydrated	OK	e7f743b8a08320921fa16e78e4a7b9aed08b9518^	3283
server/migrations/neo4j_constraints.cypher.rehydrated	OK	e7f743b8a08320921fa16e78e4a7b9aed08b9518^	1300
server/package-lock.json	OK	0e744fb6f0fb08b10c3dc4733f70530b84d79168^	390377
server/scripts/migrate-persistence.js.rehydrated	OK	b9ff8a94ddd34a82565e6c966ff22b5d7f2b6107	5700
server/scripts/outbox-worker.js.rehydrated	OK	b9ff8a94ddd34a82565e6c966ff22b5d7f2b6107	5115
server/src/config/index.js	OK	8861635406b6c275b06b4c08619e58018caa64ca^	1757
server/src/config/logger.ts.rehydrated	OK	b9ff8a94ddd34a82565e6c966ff22b5d7f2b6107	427
server/src/config/mvp1-features.ts.rehydrated	OK	b9ff8a94ddd34a82565e6c966ff22b5d7f2b6107	2664
server/src/db/migrations/005_merge_decisions_table.sql	OK	5329b5f387a26509b0675f573f37fcd4b6e4da0e^	5461
server/src/db/migrations/006_nl_cypher_tables.sql	OK	5329b5f387a26509b0675f573f37fcd4b6e4da0e^	6791
server/src/db/migrations/007_export_manifests.sql	OK	5329b5f387a26509b0675f573f37fcd4b6e4da0e^	8407
server/src/db/migrations/008_policy_appeals.sql	OK	5329b5f387a26509b0675f573f37fcd4b6e4da0e^	9371
server/src/featureFlags/flagsmith.ts.rehydrated	OK	b9ff8a94ddd34a82565e6c966ff22b5d7f2b6107	367
server/src/graphql/middleware/otelPlugin.ts.rehydrated	OK	b9ff8a94ddd34a82565e6c966ff22b5d7f2b6107	918
server/src/graphql/plugins/auditLogger.ts.rehydrated	OK	b9ff8a94ddd34a82565e6c966ff22b5d7f2b6107	2817
server/src/graphql/resolvers-combined.ts.rehydrated	OK	b9ff8a94ddd34a82565e6c966ff22b5d7f2b6107	3420
server/src/graphql/resolvers.ai.js.rehydrated	OK	b9ff8a94ddd34a82565e6c966ff22b5d7f2b6107	13035
server/src/graphql/resolvers.annotations.js.rehydrated	OK	b9ff8a94ddd34a82565e6c966ff22b5d7f2b6107	12769
server/src/graphql/resolvers.copilot.js.rehydrated	OK	b9ff8a94ddd34a82565e6c966ff22b5d7f2b6107	3350
server/src/graphql/resolvers.er.ts	OK	5329b5f387a26509b0675f573f37fcd4b6e4da0e^	13569
server/src/graphql/resolvers.graphops.js.rehydrated	OK	b9ff8a94ddd34a82565e6c966ff22b5d7f2b6107	9695
server/src/graphql/resolvers.js.rehydrated	OK	b9ff8a94ddd34a82565e6c966ff22b5d7f2b6107	1434
server/src/graphql/resolvers/core.ts.rehydrated	OK	b9ff8a94ddd34a82565e6c966ff22b5d7f2b6107	14181
server/src/graphql/resolvers/gnnResolvers.js.rehydrated	OK	b9ff8a94ddd34a82565e6c966ff22b5d7f2b6107	12594
server/src/graphql/resolvers/graphragResolvers.js.rehydrated	OK	b9ff8a94ddd34a82565e6c966ff22b5d7f2b6107	9383
server/src/graphql/resolvers/mvp1-copilot.ts.rehydrated	OK	b9ff8a94ddd34a82565e6c966ff22b5d7f2b6107	11124
server/src/graphql/resolvers/strategicIntelligenceResolvers.ts.rehydrated	OK	b9ff8a94ddd34a82565e6c966ff22b5d7f2b6107	777
server/src/graphql/schema-combined.ts.rehydrated	OK	b9ff8a94ddd34a82565e6c966ff22b5d7f2b6107	605
server/src/graphql/schema-unified.ts.rehydrated	OK	b9ff8a94ddd34a82565e6c966ff22b5d7f2b6107	600
server/src/graphql/schema.ai.js.rehydrated	OK	b9ff8a94ddd34a82565e6c966ff22b5d7f2b6107	862
server/src/graphql/schema.annotations.js.rehydrated	OK	b9ff8a94ddd34a82565e6c966ff22b5d7f2b6107	1323
server/src/graphql/schema.copilot.gql	OK	5329b5f387a26509b0675f573f37fcd4b6e4da0e^	4277
server/src/graphql/schema.copilot.js.rehydrated	OK	b9ff8a94ddd34a82565e6c966ff22b5d7f2b6107	2845
server/src/graphql/schema.core.js.rehydrated	OK	b9ff8a94ddd34a82565e6c966ff22b5d7f2b6107	5239
server/src/graphql/schema.er.gql.rehydrated	OK	b9ff8a94ddd34a82565e6c966ff22b5d7f2b6107	4159
server/src/graphql/schema.graphops.js.rehydrated	OK	b9ff8a94ddd34a82565e6c966ff22b5d7f2b6107	862
server/src/graphql/schema.js.rehydrated	OK	b9ff8a94ddd34a82565e6c966ff22b5d7f2b6107	703
server/src/graphql/wargame-schema.ts.rehydrated	OK	234d2a43bbe08068402e9a274bb97a61c602c7b5	3470
server/src/integrations/splunk/exporter.ts.rehydrated	OK	b9ff8a94ddd34a82565e6c966ff22b5d7f2b6107	305
server/src/middleware/opa-with-appeals.ts	OK	5329b5f387a26509b0675f573f37fcd4b6e4da0e^	15909
server/src/middleware/rateLimiting.js	OK	8861635406b6c275b06b4c08619e58018caa64ca^	182
server/src/migrations/001_add_schema_version.ts.rehydrated	OK	b9ff8a94ddd34a82565e6c966ff22b5d7f2b6107	225
server/src/migrations/1.0.0_migration.ts.rehydrated	OK	e7f743b8a08320921fa16e78e4a7b9aed08b9518^	265
server/src/migrations/preflight.ts.rehydrated	OK	b9ff8a94ddd34a82565e6c966ff22b5d7f2b6107	306
server/src/realtime/kafkaConsumer.ts.rehydrated	OK	b9ff8a94ddd34a82565e6c966ff22b5d7f2b6107	3291
server/src/realtime/socket.js	OK	c878aecdcf7dd2f5f72df0e383a4428825898af6^	2332
server/src/repos/EntityRepo.ts.rehydrated	OK	b9ff8a94ddd34a82565e6c966ff22b5d7f2b6107	9157
server/src/repos/InvestigationRepo.ts.rehydrated	OK	b9ff8a94ddd34a82565e6c966ff22b5d7f2b6107	6942
server/src/repos/RelationshipRepo.ts.rehydrated	OK	b9ff8a94ddd34a82565e6c966ff22b5d7f2b6107	9031
server/src/resolvers/__tests__/WargameResolver.test.ts.rehydrated	OK	b9ff8a94ddd34a82565e6c966ff22b5d7f2b6107	9390
server/src/resolvers/WargameResolver.ts.rehydrated	OK	b9ff8a94ddd34a82565e6c966ff22b5d7f2b6107	7951
server/src/routes/ga-core-metrics.ts	OK	5329b5f387a26509b0675f573f37fcd4b6e4da0e^	11048
server/src/routes/rbacRoutes.js.rehydrated	OK	b9ff8a94ddd34a82565e6c966ff22b5d7f2b6107	890
server/src/services/CopilotIntegrationService.ts.rehydrated	OK	b9ff8a94ddd34a82565e6c966ff22b5d7f2b6107	11503
server/src/services/CopilotNLQueryService.ts.rehydrated	OK	b9ff8a94ddd34a82565e6c966ff22b5d7f2b6107	1461
server/src/services/DeterministicExportService.ts	OK	5329b5f387a26509b0675f573f37fcd4b6e4da0e^	19978
server/src/services/ExtractionJobService.updated.ts	OK	1e8a4adc379982b2d3a817a5b11a4970809e31a7^	7783
server/src/services/GACoremetricsService.ts	OK	5329b5f387a26509b0675f573f37fcd4b6e4da0e^	14623
server/src/services/MVP1RBACService.ts.rehydrated	OK	b9ff8a94ddd34a82565e6c966ff22b5d7f2b6107	15755
server/src/services/QueueService.js	OK	8861635406b6c275b06b4c08619e58018caa64ca^	1055
server/src/tests/integration/graphql.test.ts	OK	b63ce8581492788027f451582a806cbc706eb524^	1364
server/src/workers/OutboxNeo4jSync.ts.rehydrated	OK	b9ff8a94ddd34a82565e6c966ff22b5d7f2b6107	9456
server/tests/ai-integration.test.js.rehydrated	OK	b9ff8a94ddd34a82565e6c966ff22b5d7f2b6107	11569
server/tests/assistant.stream.test.ts.rehydrated	OK	b9ff8a94ddd34a82565e6c966ff22b5d7f2b6107	1391
server/tests/graphql.test.ts.rehydrated	OK	b9ff8a94ddd34a82565e6c966ff22b5d7f2b6107	12127
server/tests/monitoring.test.js.rehydrated	OK	b9ff8a94ddd34a82565e6c966ff22b5d7f2b6107	10558
server/tests/persistedQueries.test.js.rehydrated	OK	b9ff8a94ddd34a82565e6c966ff22b5d7f2b6107	1577
server/tests/setup/globalTeardown.js.rehydrated	OK	b9ff8a94ddd34a82565e6c966ff22b5d7f2b6107	2093
services/api/src/app.ts.rehydrated	OK	b9ff8a94ddd34a82565e6c966ff22b5d7f2b6107	3013
services/api/src/db/neo4j.ts.rehydrated	OK	b9ff8a94ddd34a82565e6c966ff22b5d7f2b6107	8827
services/api/src/db/postgres.ts.rehydrated	OK	b9ff8a94ddd34a82565e6c966ff22b5d7f2b6107	7899
services/api/src/db/redis.ts.rehydrated	OK	b9ff8a94ddd34a82565e6c966ff22b5d7f2b6107	13566
services/api/src/graphql/context.ts.rehydrated	OK	b9ff8a94ddd34a82565e6c966ff22b5d7f2b6107	1590
services/api/src/graphql/resolvers/index.ts.rehydrated	OK	b9ff8a94ddd34a82565e6c966ff22b5d7f2b6107	5397
services/api/src/graphql/schema.ts.rehydrated	OK	b9ff8a94ddd34a82565e6c966ff22b5d7f2b6107	8315
services/api/src/index.ts.rehydrated	OK	b9ff8a94ddd34a82565e6c966ff22b5d7f2b6107	1745
SPRINT_STATUS_AUG19.md.rehydrated	OK	b9ff8a94ddd34a82565e6c966ff22b5d7f2b6107	5122
summit-main.zip	OK	0df908fafa1cad918cc702d667c6b4f753e95a08^	36334434
test-results/collab-latency.md	OK	ef2330e28766c1f0acb0ebcdc16650663e9183e6^	99
test-results/er-bench.md	OK	ef2330e28766c1f0acb0ebcdc16650663e9183e6^	85
test-results/frontend-graph-perf.md	OK	ef2330e28766c1f0acb0ebcdc16650663e9183e6^	464
tests/integration/export-integrity.test.ts	OK	5329b5f387a26509b0675f573f37fcd4b6e4da0e^	12910
tests/k6/schedule-latency.js	OK	3eb2f7c6fdac8322c17da23ebc95187d5cf2a6cb^	733
tests/performance/smoke.js.rehydrated	OK	b9ff8a94ddd34a82565e6c966ff22b5d7f2b6107	6961
tools/versions.md.rehydrated	OK	e7f743b8a08320921fa16e78e4a7b9aed08b9518^	204
uploads/reports/Smoke-Test-Report-2025-08-13-09-50-41.html	OK	921a2e0dbaf2efe117303580d3d4fe8b7a9f923a^	948
v4/archive/frontend-migration/frontend/src/Graph.jsx.rehydrated	OK	e7f743b8a08320921fa16e78e4a7b9aed08b9518^	1072
v4/archive/frontend-migration/web/src/components/panels/TimelineRail.tsx.rehydrated	OK	e7f743b8a08320921fa16e78e4a7b9aed08b9518^	2646
v4/archive/frontend-migration/web/src/types/index.ts.rehydrated	OK	e7f743b8a08320921fa16e78e4a7b9aed08b9518^	966
